booking_id,flight_id,booking_date,travel_date,fare_class,cabin,price,passenger_count,pos_country,sales_channel
1,1,2024-01-08,2024-01-13,L,Economy,361.18,2,India,GDS
2,1,2023-12-20,2024-01-13,J,Business,3635.54,2,Qatar,GDS
3,1,2023-12-06,2024-01-13,J,Business,3170.07,2,India,GDS
4,1,2024-01-08,2024-01-13,J,Business,3012.8,3,USA,GDS
5,1,2023-11-11,2024-01-13,F,First,5187.62,3,India,GDS
6,1,2023-12-07,2024-01-13,M,Economy,565.99,2,USA,GDS
7,1,2023-10-19,2024-01-13,Y,Economy,849.65,3,India,Corporate
8,1,2023-12-23,2024-01-13,M,Economy,635.46,1,India,Corporate
9,1,2023-11-11,2024-01-13,J,Business,3388.6,3,UK,GDS
10,1,2023-12-18,2024-01-13,Y,Economy,797.14,2,USA,Corporate
11,2,2024-02-06,2024-03-16,L,Economy,330.58,2,Qatar,Direct
12,2,2024-01-28,2024-03-16,F,First,4903.68,1,UK,OTA
13,2,2024-01-10,2024-03-16,Y,Economy,795.61,1,USA,Corporate
14,2,2024-01-15,2024-03-16,Y,Economy,981.61,2,India,OTA
15,2,2024-02-12,2024-03-16,M,Economy,633.08,3,Qatar,Direct
16,2,2023-12-25,2024-03-16,L,Economy,325.96,1,India,Corporate
17,2,2023-12-22,2024-03-16,Y,Economy,1013.95,3,Germany,OTA
18,2,2024-02-24,2024-03-16,J,Business,2885.41,2,Germany,Corporate
19,2,2024-03-13,2024-03-16,F,First,5561.19,1,India,GDS
20,2,2024-03-15,2024-03-16,F,First,4906.1,3,India,GDS
21,2,2023-12-29,2024-03-16,F,First,4733.0,2,Qatar,Corporate
22,2,2024-02-07,2024-03-16,Y,Economy,984.52,1,Qatar,OTA
23,2,2023-12-26,2024-03-16,Y,Economy,1022.87,2,Qatar,OTA
24,2,2023-12-20,2024-03-16,J,Business,3338.46,2,Qatar,Corporate
25,2,2024-02-23,2024-03-16,Y,Economy,913.13,2,UK,GDS
26,2,2024-01-19,2024-03-16,J,Business,3037.23,3,USA,Direct
27,2,2024-01-29,2024-03-16,L,Economy,343.19,2,India,Direct
28,3,2024-01-28,2024-02-02,J,Business,2921.69,3,USA,OTA
29,3,2023-12-09,2024-02-02,F,First,5163.27,2,Qatar,Corporate
30,3,2023-12-15,2024-02-02,Y,Economy,792.14,1,USA,Corporate
31,3,2024-01-05,2024-02-02,J,Business,2724.08,2,India,OTA
32,3,2023-11-17,2024-02-02,L,Economy,339.46,3,India,Corporate
33,3,2024-01-05,2024-02-02,Y,Economy,999.34,3,USA,OTA
34,3,2024-01-08,2024-02-02,L,Economy,350.33,1,USA,GDS
35,3,2023-12-15,2024-02-02,F,First,4589.62,1,Qatar,OTA
36,3,2023-11-08,2024-02-02,Y,Economy,943.77,1,Qatar,GDS
37,3,2023-11-28,2024-02-02,J,Business,3165.75,2,UK,Corporate
38,3,2023-11-07,2024-02-02,L,Economy,314.7,1,Qatar,OTA
39,4,2024-01-01,2024-03-25,Y,Economy,805.47,3,Germany,Corporate
40,4,2024-02-14,2024-03-25,F,First,5333.49,1,Germany,Direct
41,4,2024-01-03,2024-03-25,Y,Economy,841.16,1,UK,Direct
42,4,2024-01-31,2024-03-25,M,Economy,567.63,3,UK,Corporate
43,4,2024-02-22,2024-03-25,Y,Economy,948.91,1,USA,GDS
44,4,2024-03-14,2024-03-25,M,Economy,678.94,2,Germany,OTA
45,4,2024-03-14,2024-03-25,F,First,4603.17,1,USA,GDS
46,4,2024-03-07,2024-03-25,M,Economy,517.75,1,Germany,Direct
47,4,2024-02-25,2024-03-25,M,Economy,664.62,1,India,GDS
48,4,2023-12-28,2024-03-25,L,Economy,357.7,2,UK,OTA
49,4,2024-01-12,2024-03-25,J,Business,3175.51,3,India,OTA
50,4,2024-01-29,2024-03-25,J,Business,2843.84,3,Qatar,OTA
51,4,2024-01-03,2024-03-25,J,Business,3296.92,2,Qatar,OTA
52,4,2024-02-06,2024-03-25,M,Economy,511.98,3,Germany,OTA
53,4,2023-12-28,2024-03-25,M,Economy,554.27,1,India,OTA
54,4,2024-03-04,2024-03-25,M,Economy,573.55,2,UK,Direct
55,4,2024-01-16,2024-03-25,J,Business,2911.38,3,Germany,GDS
56,4,2024-01-07,2024-03-25,Y,Economy,933.17,2,India,Direct
57,4,2024-01-28,2024-03-25,J,Business,3464.48,2,India,GDS
58,5,2023-11-04,2024-01-26,Y,Economy,914.72,3,Qatar,OTA
59,5,2023-11-20,2024-01-26,F,First,4269.85,3,UK,Direct
60,5,2023-11-16,2024-01-26,L,Economy,312.98,2,Germany,Corporate
61,5,2024-01-14,2024-01-26,M,Economy,563.57,2,India,OTA
62,5,2023-12-27,2024-01-26,Y,Economy,840.44,3,UK,Corporate
63,5,2023-12-29,2024-01-26,J,Business,2937.18,3,Germany,Direct
64,5,2023-12-24,2024-01-26,J,Business,3201.14,3,Germany,Direct
65,5,2023-10-28,2024-01-26,L,Economy,373.53,2,USA,Direct
66,5,2023-12-18,2024-01-26,F,First,4784.95,2,Qatar,GDS
67,5,2023-12-26,2024-01-26,F,First,4621.64,2,UK,GDS
68,5,2023-12-08,2024-01-26,M,Economy,522.14,1,India,Direct
69,5,2024-01-06,2024-01-26,M,Economy,527.59,1,USA,OTA
70,5,2023-12-22,2024-01-26,Y,Economy,848.34,2,Germany,Direct
71,5,2023-11-29,2024-01-26,M,Economy,669.97,2,Qatar,Corporate
72,6,2023-11-29,2024-01-29,M,Economy,685.33,3,India,OTA
73,6,2024-01-05,2024-01-29,J,Business,2772.32,1,Germany,GDS
74,6,2023-11-18,2024-01-29,M,Economy,649.73,2,UK,Corporate
75,6,2023-12-15,2024-01-29,F,First,5106.22,2,Qatar,GDS
76,6,2023-11-17,2024-01-29,Y,Economy,983.59,2,UK,GDS
77,6,2024-01-05,2024-01-29,L,Economy,357.38,1,India,OTA
78,6,2023-12-05,2024-01-29,L,Economy,393.67,2,UK,Direct
79,6,2023-12-03,2024-01-29,Y,Economy,926.94,3,Qatar,OTA
80,6,2023-12-30,2024-01-29,Y,Economy,858.68,3,UK,Corporate
81,6,2024-01-17,2024-01-29,Y,Economy,895.53,1,UK,Direct
82,6,2023-11-21,2024-01-29,L,Economy,397.62,1,USA,GDS
83,6,2023-11-26,2024-01-29,Y,Economy,767.85,2,USA,Corporate
84,6,2023-11-20,2024-01-29,L,Economy,316.92,2,UK,Corporate
85,7,2023-12-30,2024-02-13,J,Business,2867.95,2,USA,Direct
86,7,2024-01-29,2024-02-13,M,Economy,657.0,3,India,Corporate
87,7,2024-01-16,2024-02-13,M,Economy,544.84,3,Germany,Direct
88,7,2024-01-17,2024-02-13,J,Business,3284.2,2,Qatar,OTA
89,7,2024-02-11,2024-02-13,M,Economy,543.91,2,USA,Direct
90,8,2023-12-21,2024-01-27,J,Business,2723.25,2,India,GDS
91,8,2023-12-23,2024-01-27,F,First,4252.0,1,UK,OTA
92,8,2023-12-15,2024-01-27,M,Economy,615.16,2,Germany,Direct
93,8,2023-12-16,2024-01-27,F,First,5213.67,2,Germany,GDS
94,8,2023-11-04,2024-01-27,M,Economy,540.88,1,India,Corporate
95,8,2023-12-27,2024-01-27,F,First,4999.98,1,UK,Direct
96,8,2024-01-26,2024-01-27,L,Economy,349.15,3,India,Corporate
97,8,2023-12-20,2024-01-27,F,First,4997.45,2,USA,Corporate
98,8,2023-11-12,2024-01-27,J,Business,2808.59,2,Qatar,Corporate
99,8,2023-11-22,2024-01-27,L,Economy,300.3,1,UK,OTA
100,8,2024-01-14,2024-01-27,F,First,4489.73,2,Germany,Corporate
101,8,2023-11-01,2024-01-27,J,Business,3123.5,1,India,OTA
102,9,2024-03-21,2024-03-29,J,Business,3374.14,1,Qatar,Corporate
103,9,2024-02-11,2024-03-29,M,Economy,531.58,1,Qatar,GDS
104,9,2024-02-23,2024-03-29,J,Business,3170.7,2,India,Direct
105,9,2024-01-29,2024-03-29,L,Economy,390.8,2,India,OTA
106,9,2024-02-11,2024-03-29,F,First,4552.93,2,India,Direct
107,9,2024-01-03,2024-03-29,L,Economy,376.73,2,India,OTA
108,9,2024-02-03,2024-03-29,F,First,5007.77,1,Qatar,Corporate
109,9,2024-01-15,2024-03-29,L,Economy,309.16,3,UK,OTA
110,10,2023-11-29,2024-02-03,L,Economy,330.27,3,India,Corporate
111,10,2023-11-26,2024-02-03,M,Economy,614.7,1,India,Corporate
112,10,2023-12-31,2024-02-03,L,Economy,348.78,3,India,Corporate
113,10,2024-01-01,2024-02-03,J,Business,3426.12,3,USA,OTA
114,10,2024-02-01,2024-02-03,Y,Economy,773.68,3,Qatar,Corporate
115,10,2023-11-06,2024-02-03,Y,Economy,954.65,3,USA,OTA
116,10,2023-11-18,2024-02-03,J,Business,3679.64,3,India,Corporate
117,10,2023-12-13,2024-02-03,L,Economy,297.81,2,India,OTA
118,10,2023-11-19,2024-02-03,F,First,5621.94,1,Qatar,Corporate
119,10,2023-11-23,2024-02-03,Y,Economy,982.43,2,UK,OTA
120,10,2024-01-29,2024-02-03,M,Economy,623.23,1,USA,Corporate
121,10,2023-12-28,2024-02-03,F,First,5378.44,3,Germany,OTA
122,10,2023-12-10,2024-02-03,Y,Economy,981.66,3,USA,Corporate
123,10,2024-01-15,2024-02-03,J,Business,3300.84,1,UK,GDS
124,10,2023-11-06,2024-02-03,F,First,4288.71,3,Germany,GDS
125,10,2024-01-29,2024-02-03,L,Economy,368.63,2,USA,Direct
126,10,2024-01-31,2024-02-03,J,Business,3421.39,2,India,Direct
127,10,2024-01-23,2024-02-03,F,First,5277.8,3,Qatar,OTA
128,11,2024-01-12,2024-03-17,J,Business,2853.19,1,Germany,Direct
129,11,2024-02-19,2024-03-17,L,Economy,335.9,3,USA,GDS
130,11,2024-02-01,2024-03-17,F,First,5257.55,1,USA,Corporate
131,11,2024-01-28,2024-03-17,F,First,5392.68,2,USA,OTA
132,11,2024-01-22,2024-03-17,F,First,4826.39,1,UK,GDS
133,11,2024-01-01,2024-03-17,M,Economy,546.21,3,USA,OTA
134,11,2024-01-21,2024-03-17,L,Economy,366.75,2,India,Direct
135,11,2024-02-08,2024-03-17,L,Economy,393.64,1,Germany,Direct
136,11,2024-02-05,2024-03-17,J,Business,3545.86,3,Germany,Corporate
137,11,2024-02-25,2024-03-17,F,First,4924.28,3,Qatar,GDS
138,11,2024-01-04,2024-03-17,F,First,4252.31,2,Qatar,OTA
139,11,2024-02-14,2024-03-17,L,Economy,366.97,2,India,Direct
140,11,2024-02-06,2024-03-17,F,First,5306.5,1,UK,Direct
141,11,2023-12-23,2024-03-17,L,Economy,346.46,2,UK,GDS
142,12,2024-02-20,2024-03-15,F,First,4798.62,2,USA,GDS
143,12,2024-01-31,2024-03-15,F,First,4968.87,3,India,Corporate
144,12,2023-12-25,2024-03-15,M,Economy,579.89,1,UK,GDS
145,12,2023-12-23,2024-03-15,J,Business,3063.21,1,UK,Direct
146,12,2024-02-10,2024-03-15,J,Business,3356.93,3,UK,Direct
147,12,2023-12-19,2024-03-15,L,Economy,384.9,3,Germany,Direct
148,12,2024-03-11,2024-03-15,M,Economy,531.3,1,Qatar,GDS
149,12,2024-02-15,2024-03-15,F,First,5075.51,3,Qatar,Corporate
150,13,2024-03-13,2024-03-19,F,First,4278.03,2,UK,OTA
151,13,2023-12-28,2024-03-19,J,Business,3365.12,2,Germany,OTA
152,13,2024-01-07,2024-03-19,Y,Economy,885.98,1,India,Direct
153,13,2024-01-28,2024-03-19,J,Business,3432.0,3,UK,OTA
154,13,2024-02-27,2024-03-19,L,Economy,401.92,3,India,OTA
155,13,2024-01-08,2024-03-19,J,Business,2850.47,1,UK,GDS
156,13,2024-03-17,2024-03-19,M,Economy,652.39,2,India,Corporate
157,13,2024-01-04,2024-03-19,M,Economy,540.05,3,India,OTA
158,13,2023-12-30,2024-03-19,J,Business,3624.51,1,USA,GDS
159,13,2024-01-17,2024-03-19,F,First,5682.23,3,Germany,Corporate
160,13,2024-01-15,2024-03-19,J,Business,2842.34,3,Qatar,Direct
161,14,2024-01-14,2024-03-06,F,First,4729.38,2,USA,GDS
162,14,2023-12-26,2024-03-06,M,Economy,646.68,2,UK,GDS
163,14,2024-01-17,2024-03-06,F,First,5646.06,3,USA,Direct
164,14,2024-02-04,2024-03-06,M,Economy,649.42,2,USA,OTA
165,14,2023-12-20,2024-03-06,F,First,4356.7,2,Qatar,Corporate
166,14,2024-02-09,2024-03-06,F,First,4955.97,2,India,GDS
167,14,2024-01-29,2024-03-06,L,Economy,320.21,1,Qatar,OTA
168,14,2023-12-10,2024-03-06,F,First,5068.95,3,Qatar,Corporate
169,14,2024-01-23,2024-03-06,J,Business,3187.31,2,USA,GDS
170,14,2024-01-29,2024-03-06,M,Economy,527.89,2,India,GDS
171,14,2024-01-04,2024-03-06,M,Economy,672.64,2,USA,GDS
172,14,2023-12-31,2024-03-06,J,Business,3353.53,1,Germany,Direct
173,14,2023-12-20,2024-03-06,F,First,4400.82,2,Qatar,Direct
174,14,2024-01-19,2024-03-06,L,Economy,359.11,3,Qatar,Direct
175,14,2023-12-26,2024-03-06,L,Economy,337.36,2,India,Corporate
176,14,2024-01-14,2024-03-06,F,First,5252.54,1,Germany,GDS
177,14,2024-02-23,2024-03-06,F,First,5205.61,2,Qatar,Direct
178,14,2023-12-25,2024-03-06,L,Economy,399.58,3,India,Corporate
179,15,2024-01-06,2024-01-20,Y,Economy,943.7,3,India,Corporate
180,15,2023-12-04,2024-01-20,M,Economy,666.59,1,UK,Direct
181,15,2023-12-10,2024-01-20,F,First,5733.43,3,UK,OTA
182,15,2023-11-24,2024-01-20,M,Economy,549.57,2,USA,GDS
183,15,2023-10-27,2024-01-20,J,Business,2743.82,2,UK,Direct
184,15,2024-01-02,2024-01-20,F,First,4677.9,2,Qatar,OTA
185,15,2023-12-11,2024-01-20,J,Business,2791.85,1,Qatar,Corporate
186,15,2023-12-28,2024-01-20,J,Business,3494.94,2,Germany,Direct
187,15,2023-10-25,2024-01-20,Y,Economy,911.85,3,UK,Corporate
188,16,2024-01-08,2024-02-06,L,Economy,365.51,1,UK,Direct
189,16,2023-11-24,2024-02-06,F,First,5689.66,3,UK,Direct
190,16,2024-02-01,2024-02-06,Y,Economy,876.38,3,India,OTA
191,16,2023-11-21,2024-02-06,L,Economy,338.76,1,UK,GDS
192,16,2023-12-29,2024-02-06,L,Economy,308.58,1,Germany,Corporate
193,16,2023-12-05,2024-02-06,Y,Economy,901.34,1,India,Corporate
194,16,2024-02-05,2024-02-06,F,First,4649.39,3,UK,OTA
195,16,2024-01-13,2024-02-06,L,Economy,384.29,1,UK,Corporate
196,16,2023-11-26,2024-02-06,L,Economy,320.24,3,USA,OTA
197,16,2023-11-18,2024-02-06,M,Economy,593.15,2,Germany,OTA
198,16,2024-01-28,2024-02-06,F,First,5105.19,1,Germany,GDS
199,16,2023-12-25,2024-02-06,F,First,5571.27,1,UK,Corporate
200,16,2024-01-07,2024-02-06,L,Economy,336.54,3,UK,Corporate
201,16,2024-01-20,2024-02-06,F,First,4936.23,1,Germany,Direct
202,17,2023-12-11,2024-02-16,L,Economy,364.19,2,India,Direct
203,17,2024-02-11,2024-02-16,F,First,5305.91,2,UK,OTA
204,17,2024-02-01,2024-02-16,F,First,4461.33,2,UK,Corporate
205,17,2023-11-18,2024-02-16,L,Economy,317.92,2,UK,Corporate
206,17,2023-12-16,2024-02-16,F,First,4631.66,2,USA,GDS
207,18,2024-03-06,2024-03-24,Y,Economy,1007.7,1,Germany,GDS
208,18,2024-03-11,2024-03-24,J,Business,3668.5,2,USA,GDS
209,18,2023-12-27,2024-03-24,F,First,5113.28,2,Germany,GDS
210,18,2024-01-31,2024-03-24,L,Economy,368.29,2,Germany,GDS
211,18,2024-02-12,2024-03-24,M,Economy,539.43,1,Qatar,GDS
212,18,2024-02-06,2024-03-24,F,First,5544.21,1,Germany,Direct
213,18,2024-01-16,2024-03-24,J,Business,3295.36,1,Germany,OTA
214,18,2024-02-01,2024-03-24,Y,Economy,844.51,2,Qatar,Direct
215,18,2024-03-04,2024-03-24,M,Economy,584.42,2,UK,Corporate
216,18,2024-03-21,2024-03-24,L,Economy,308.2,1,Qatar,Direct
217,18,2024-02-24,2024-03-24,M,Economy,596.84,3,Germany,OTA
218,18,2024-01-29,2024-03-24,M,Economy,673.19,3,Germany,GDS
219,18,2024-01-31,2024-03-24,Y,Economy,832.18,3,Qatar,Direct
220,18,2024-01-25,2024-03-24,L,Economy,318.64,2,Qatar,OTA
221,18,2024-03-09,2024-03-24,J,Business,3354.78,3,UK,Corporate
222,18,2024-01-23,2024-03-24,F,First,4310.66,1,UK,Corporate
223,18,2024-01-04,2024-03-24,M,Economy,552.46,3,USA,GDS
224,19,2024-01-18,2024-02-04,Y,Economy,962.62,2,India,OTA
225,19,2023-11-16,2024-02-04,F,First,4938.42,1,USA,Direct
226,19,2023-11-30,2024-02-04,J,Business,2738.9,1,Germany,OTA
227,19,2023-12-03,2024-02-04,J,Business,2916.77,1,Germany,Corporate
228,19,2023-11-18,2024-02-04,M,Economy,663.02,3,Germany,Direct
229,19,2024-01-28,2024-02-04,F,First,5631.43,3,Germany,Corporate
230,19,2023-11-17,2024-02-04,M,Economy,642.72,3,India,OTA
231,19,2024-01-26,2024-02-04,Y,Economy,989.01,3,USA,GDS
232,19,2023-11-11,2024-02-04,M,Economy,635.63,1,Germany,Corporate
233,20,2023-12-27,2024-01-16,L,Economy,355.17,2,Germany,OTA
234,20,2023-11-25,2024-01-16,F,First,5123.13,2,USA,Direct
235,20,2023-11-15,2024-01-16,Y,Economy,961.45,1,UK,OTA
236,20,2023-11-07,2024-01-16,F,First,5574.99,3,India,OTA
237,20,2023-12-23,2024-01-16,Y,Economy,1010.8,1,Germany,Direct
238,20,2023-11-10,2024-01-16,L,Economy,340.53,1,UK,GDS
239,20,2023-11-27,2024-01-16,F,First,4901.61,1,India,Corporate
240,20,2023-10-20,2024-01-16,M,Economy,568.1,3,USA,Direct
241,20,2024-01-01,2024-01-16,J,Business,2932.23,3,UK,OTA
242,21,2024-01-21,2024-03-20,F,First,5560.0,1,USA,Corporate
243,21,2024-03-11,2024-03-20,F,First,5721.88,3,Qatar,GDS
244,21,2024-01-10,2024-03-20,Y,Economy,908.56,1,Qatar,Direct
245,21,2024-03-02,2024-03-20,F,First,4522.47,3,Qatar,Corporate
246,21,2024-01-25,2024-03-20,F,First,5009.91,1,Qatar,OTA
247,22,2023-12-18,2024-01-24,J,Business,3422.64,3,India,Direct
248,22,2023-12-27,2024-01-24,L,Economy,329.98,2,India,GDS
249,22,2023-12-24,2024-01-24,Y,Economy,894.18,1,UK,GDS
250,22,2024-01-20,2024-01-24,J,Business,3548.1,3,Germany,GDS
251,22,2023-11-13,2024-01-24,J,Business,2754.8,3,India,Corporate
252,22,2023-11-20,2024-01-24,F,First,4914.71,2,India,Corporate
253,22,2023-11-08,2024-01-24,M,Economy,576.06,1,Qatar,OTA
254,22,2023-10-29,2024-01-24,J,Business,3072.72,1,Germany,OTA
255,22,2024-01-06,2024-01-24,L,Economy,327.75,2,India,Corporate
256,22,2023-12-07,2024-01-24,Y,Economy,916.04,2,UK,GDS
257,22,2024-01-21,2024-01-24,L,Economy,305.46,2,India,Corporate
258,23,2024-02-07,2024-02-28,Y,Economy,846.72,3,India,Direct
259,23,2024-01-15,2024-02-28,J,Business,3526.73,3,Qatar,OTA
260,23,2024-01-27,2024-02-28,L,Economy,297.52,1,Germany,GDS
261,23,2023-12-03,2024-02-28,M,Economy,634.5,2,UK,Corporate
262,23,2023-12-20,2024-02-28,F,First,5248.69,3,USA,OTA
263,23,2023-12-12,2024-02-28,J,Business,3228.9,1,USA,Direct
264,23,2024-01-23,2024-02-28,J,Business,3324.77,2,Qatar,Direct
265,24,2024-02-29,2024-03-16,L,Economy,385.85,1,Germany,Corporate
266,24,2024-01-31,2024-03-16,L,Economy,355.6,2,India,GDS
267,24,2024-01-17,2024-03-16,J,Business,3654.34,2,UK,GDS
268,24,2024-02-05,2024-03-16,F,First,4530.88,2,Qatar,Direct
269,24,2024-03-15,2024-03-16,F,First,5269.78,1,UK,Corporate
270,24,2024-02-24,2024-03-16,Y,Economy,876.95,3,Germany,OTA
271,24,2024-03-02,2024-03-16,J,Business,3070.01,1,USA,OTA
272,25,2024-01-05,2024-01-26,M,Economy,550.99,2,UK,OTA
273,25,2023-12-12,2024-01-26,L,Economy,368.82,3,UK,Direct
274,25,2023-12-23,2024-01-26,M,Economy,604.3,1,India,Corporate
275,25,2024-01-16,2024-01-26,Y,Economy,997.31,3,India,Corporate
276,25,2023-12-16,2024-01-26,Y,Economy,853.13,3,Germany,Corporate
277,25,2023-12-01,2024-01-26,Y,Economy,767.76,3,India,Direct
278,25,2023-12-13,2024-01-26,J,Business,2855.45,2,Germany,Direct
279,25,2023-12-01,2024-01-26,Y,Economy,879.2,1,Qatar,Direct
280,25,2024-01-16,2024-01-26,F,First,4526.12,1,Germany,Direct
281,25,2024-01-22,2024-01-26,L,Economy,304.17,3,India,Direct
282,25,2023-11-18,2024-01-26,F,First,4473.59,3,Germany,OTA
283,25,2023-12-25,2024-01-26,Y,Economy,915.23,2,UK,GDS
284,25,2023-12-02,2024-01-26,L,Economy,312.51,2,USA,OTA
285,25,2023-12-26,2024-01-26,F,First,4265.79,2,UK,GDS
286,25,2023-12-20,2024-01-26,L,Economy,326.46,3,India,GDS
287,25,2023-11-26,2024-01-26,J,Business,3438.22,2,Germany,OTA
288,25,2024-01-16,2024-01-26,F,First,5680.26,2,Qatar,OTA
289,25,2024-01-04,2024-01-26,J,Business,3233.9,3,UK,OTA
290,26,2024-01-24,2024-03-26,M,Economy,669.6,2,Qatar,Corporate
291,26,2024-01-12,2024-03-26,J,Business,3233.43,3,Qatar,Corporate
292,26,2024-02-09,2024-03-26,Y,Economy,944.85,3,USA,Direct
293,26,2024-01-23,2024-03-26,Y,Economy,919.38,2,Qatar,GDS
294,26,2024-02-06,2024-03-26,F,First,5699.89,1,India,GDS
295,26,2024-02-19,2024-03-26,M,Economy,616.96,1,India,GDS
296,26,2024-01-02,2024-03-26,L,Economy,381.96,3,Qatar,Corporate
297,26,2024-03-13,2024-03-26,F,First,4679.18,1,Germany,GDS
298,26,2024-02-01,2024-03-26,J,Business,2960.08,2,Qatar,GDS
299,26,2024-01-07,2024-03-26,F,First,4877.2,3,USA,Corporate
300,26,2024-01-18,2024-03-26,L,Economy,350.52,2,Germany,OTA
301,26,2024-03-04,2024-03-26,M,Economy,643.19,2,Qatar,Direct
302,26,2024-03-25,2024-03-26,L,Economy,368.89,2,India,Corporate
303,26,2024-01-31,2024-03-26,L,Economy,358.92,1,UK,Direct
304,27,2024-02-26,2024-03-23,J,Business,3240.67,3,USA,OTA
305,27,2024-02-16,2024-03-23,J,Business,3052.39,3,India,Direct
306,27,2024-03-22,2024-03-23,J,Business,3416.83,2,Qatar,Corporate
307,27,2024-01-04,2024-03-23,F,First,4665.59,1,Germany,Corporate
308,27,2024-03-07,2024-03-23,M,Economy,607.96,3,Germany,Corporate
309,27,2024-03-16,2024-03-23,F,First,4271.85,2,India,GDS
310,27,2024-01-26,2024-03-23,J,Business,3469.78,2,Germany,Corporate
311,27,2024-02-23,2024-03-23,L,Economy,395.43,2,India,Corporate
312,27,2024-02-25,2024-03-23,F,First,5087.25,2,Qatar,OTA
313,27,2024-01-06,2024-03-23,F,First,5028.1,2,Germany,Corporate
314,27,2024-01-28,2024-03-23,M,Economy,620.21,2,UK,Corporate
315,27,2024-02-11,2024-03-23,J,Business,2977.48,3,USA,Direct
316,27,2024-01-22,2024-03-23,Y,Economy,813.63,1,India,GDS
317,27,2024-01-20,2024-03-23,M,Economy,580.48,3,Germany,Direct
318,27,2024-01-19,2024-03-23,M,Economy,593.2,3,Germany,Corporate
319,27,2024-03-09,2024-03-23,L,Economy,336.35,2,USA,GDS
320,27,2023-12-29,2024-03-23,F,First,5210.75,1,India,OTA
321,27,2024-03-11,2024-03-23,F,First,4676.04,1,Germany,OTA
322,27,2024-01-19,2024-03-23,F,First,4712.19,3,Qatar,Corporate
323,28,2023-12-17,2024-02-17,J,Business,3242.54,1,UK,Direct
324,28,2023-12-05,2024-02-17,M,Economy,652.15,1,Qatar,Corporate
325,28,2024-02-08,2024-02-17,M,Economy,532.49,1,USA,OTA
326,28,2024-01-24,2024-02-17,L,Economy,393.44,2,Germany,GDS
327,28,2024-01-12,2024-02-17,Y,Economy,781.88,2,USA,Direct
328,28,2023-11-27,2024-02-17,J,Business,2894.7,3,Qatar,Corporate
329,28,2024-02-03,2024-02-17,F,First,4616.26,1,Qatar,Corporate
330,28,2024-02-01,2024-02-17,Y,Economy,822.49,1,USA,OTA
331,29,2024-01-16,2024-02-16,Y,Economy,910.82,1,Germany,GDS
332,29,2024-01-22,2024-02-16,Y,Economy,940.67,3,UK,OTA
333,29,2023-11-20,2024-02-16,J,Business,3153.05,3,USA,OTA
334,29,2024-02-08,2024-02-16,F,First,5504.94,1,India,GDS
335,29,2024-01-13,2024-02-16,M,Economy,591.21,2,UK,Direct
336,29,2024-02-04,2024-02-16,Y,Economy,777.84,2,UK,Corporate
337,29,2023-11-18,2024-02-16,M,Economy,673.2,3,India,OTA
338,29,2024-01-06,2024-02-16,Y,Economy,936.64,3,Qatar,OTA
339,29,2023-11-19,2024-02-16,L,Economy,360.75,1,India,Corporate
340,29,2024-01-02,2024-02-16,F,First,5701.02,2,USA,Corporate
341,29,2024-01-24,2024-02-16,L,Economy,395.17,3,Germany,Corporate
342,29,2023-12-30,2024-02-16,M,Economy,657.22,1,India,Direct
343,29,2023-12-05,2024-02-16,Y,Economy,876.56,1,USA,Corporate
344,30,2023-11-15,2024-01-13,M,Economy,632.8,1,Germany,Corporate
345,30,2023-12-21,2024-01-13,M,Economy,571.23,3,UK,OTA
346,30,2023-11-24,2024-01-13,J,Business,3583.38,3,Germany,Corporate
347,30,2023-11-10,2024-01-13,J,Business,3021.8,1,USA,OTA
348,30,2023-11-17,2024-01-13,M,Economy,656.55,2,India,Direct
349,30,2023-12-01,2024-01-13,F,First,5458.67,3,UK,Corporate
350,30,2023-11-13,2024-01-13,M,Economy,539.11,3,Qatar,GDS
351,30,2024-01-03,2024-01-13,L,Economy,388.44,1,Qatar,GDS
352,30,2023-12-31,2024-01-13,J,Business,3560.13,2,Qatar,Corporate
353,30,2023-11-07,2024-01-13,Y,Economy,913.44,2,India,Direct
354,30,2023-11-03,2024-01-13,M,Economy,609.56,2,Qatar,Corporate
355,30,2023-11-15,2024-01-13,F,First,4811.19,1,Qatar,OTA
356,30,2023-12-26,2024-01-13,Y,Economy,928.91,1,Germany,OTA
357,30,2023-11-15,2024-01-13,L,Economy,343.97,2,Germany,OTA
358,31,2023-12-03,2024-03-01,Y,Economy,973.68,1,UK,Corporate
359,31,2024-02-04,2024-03-01,M,Economy,613.29,1,India,GDS
360,31,2023-12-30,2024-03-01,Y,Economy,866.79,1,Germany,Direct
361,31,2023-12-28,2024-03-01,Y,Economy,843.28,3,India,GDS
362,31,2024-01-27,2024-03-01,J,Business,3444.02,1,Qatar,Direct
363,31,2023-12-14,2024-03-01,J,Business,2948.13,3,Qatar,OTA
364,31,2024-01-17,2024-03-01,Y,Economy,772.13,2,Qatar,Corporate
365,31,2023-12-05,2024-03-01,J,Business,3276.81,3,Germany,Corporate
366,31,2024-02-04,2024-03-01,Y,Economy,829.69,3,India,Direct
367,31,2024-01-03,2024-03-01,J,Business,3006.06,3,UK,Corporate
368,31,2023-12-31,2024-03-01,J,Business,2829.75,2,Qatar,Corporate
369,31,2024-01-26,2024-03-01,L,Economy,302.85,3,UK,Direct
370,31,2024-01-18,2024-03-01,F,First,4344.54,3,Germany,Direct
371,31,2024-02-22,2024-03-01,L,Economy,369.82,3,USA,Direct
372,32,2024-02-07,2024-02-21,J,Business,3474.16,1,India,OTA
373,32,2024-01-02,2024-02-21,F,First,4759.44,1,Qatar,Direct
374,32,2023-12-31,2024-02-21,L,Economy,314.37,3,India,Corporate
375,32,2024-02-02,2024-02-21,M,Economy,646.6,3,Qatar,Direct
376,32,2024-01-24,2024-02-21,L,Economy,316.79,3,India,Direct
377,32,2023-12-23,2024-02-21,M,Economy,571.44,2,Qatar,Direct
378,32,2024-01-14,2024-02-21,L,Economy,304.95,2,UK,Direct
379,32,2023-12-19,2024-02-21,L,Economy,325.05,2,UK,OTA
380,32,2024-01-01,2024-02-21,F,First,4838.71,1,UK,OTA
381,32,2023-12-27,2024-02-21,F,First,4924.34,1,Qatar,OTA
382,32,2023-12-04,2024-02-21,M,Economy,526.36,1,USA,Corporate
383,32,2023-11-29,2024-02-21,J,Business,3519.87,3,USA,Direct
384,32,2024-02-08,2024-02-21,M,Economy,627.79,3,India,Corporate
385,33,2023-10-21,2024-01-11,Y,Economy,1002.82,1,Germany,Direct
386,33,2023-12-02,2024-01-11,F,First,5684.32,2,UK,GDS
387,33,2023-12-18,2024-01-11,L,Economy,344.27,3,UK,Corporate
388,33,2023-11-07,2024-01-11,L,Economy,366.02,1,USA,Corporate
389,33,2023-10-26,2024-01-11,L,Economy,365.37,3,India,Direct
390,33,2023-12-18,2024-01-11,J,Business,2733.09,2,Qatar,GDS
391,33,2023-11-07,2024-01-11,L,Economy,379.34,2,UK,Direct
392,33,2023-10-27,2024-01-11,J,Business,3457.92,3,Germany,OTA
393,33,2023-12-25,2024-01-11,L,Economy,372.17,3,Germany,Corporate
394,33,2023-10-26,2024-01-11,F,First,4354.41,3,Qatar,GDS
395,33,2023-10-29,2024-01-11,Y,Economy,898.44,3,Qatar,Corporate
396,33,2023-12-12,2024-01-11,F,First,4896.81,2,Germany,GDS
397,33,2023-11-07,2024-01-11,M,Economy,683.54,3,India,GDS
398,33,2023-10-13,2024-01-11,J,Business,3072.21,1,UK,GDS
399,33,2023-11-25,2024-01-11,L,Economy,366.08,2,USA,GDS
400,33,2023-11-21,2024-01-11,L,Economy,385.73,1,UK,GDS
401,33,2023-12-16,2024-01-11,F,First,5307.89,3,USA,GDS
402,34,2024-01-16,2024-01-26,M,Economy,641.52,1,Germany,GDS
403,34,2023-11-30,2024-01-26,L,Economy,299.99,1,Qatar,GDS
404,34,2023-10-28,2024-01-26,Y,Economy,789.32,2,Qatar,GDS
405,34,2023-12-02,2024-01-26,M,Economy,583.45,1,India,GDS
406,34,2024-01-17,2024-01-26,F,First,5187.5,1,USA,Direct
407,34,2023-11-21,2024-01-26,Y,Economy,880.4,3,Qatar,GDS
408,34,2023-11-04,2024-01-26,Y,Economy,973.01,3,India,Direct
409,34,2024-01-11,2024-01-26,M,Economy,680.24,2,USA,OTA
410,34,2024-01-01,2024-01-26,F,First,4910.5,2,India,OTA
411,34,2023-12-24,2024-01-26,L,Economy,379.13,3,India,GDS
412,34,2024-01-02,2024-01-26,L,Economy,353.4,1,Germany,Corporate
413,34,2023-10-31,2024-01-26,L,Economy,387.87,2,Germany,GDS
414,34,2023-11-07,2024-01-26,L,Economy,331.93,1,India,GDS
415,34,2024-01-16,2024-01-26,M,Economy,516.17,3,Germany,OTA
416,35,2024-01-29,2024-02-28,L,Economy,318.65,3,UK,OTA
417,35,2024-02-17,2024-02-28,Y,Economy,900.1,2,India,GDS
418,35,2024-01-05,2024-02-28,M,Economy,631.75,1,Qatar,Corporate
419,35,2023-12-03,2024-02-28,Y,Economy,782.51,1,USA,OTA
420,35,2024-01-21,2024-02-28,M,Economy,513.82,2,Qatar,GDS
421,35,2024-01-22,2024-02-28,L,Economy,314.47,1,India,OTA
422,35,2023-12-13,2024-02-28,F,First,4408.32,2,India,Corporate
423,35,2023-12-02,2024-02-28,L,Economy,355.23,1,India,OTA
424,35,2024-02-25,2024-02-28,Y,Economy,796.87,2,UK,OTA
425,35,2024-02-06,2024-02-28,Y,Economy,888.76,1,India,Direct
426,35,2023-12-29,2024-02-28,F,First,4952.55,2,India,Direct
427,35,2024-01-06,2024-02-28,Y,Economy,986.28,2,India,GDS
428,35,2023-12-13,2024-02-28,F,First,4281.73,1,India,GDS
429,35,2024-01-06,2024-02-28,F,First,4806.71,2,USA,Direct
430,35,2024-02-24,2024-02-28,Y,Economy,829.61,3,Qatar,Direct
431,35,2024-01-13,2024-02-28,F,First,4926.62,1,Germany,OTA
432,35,2024-01-13,2024-02-28,Y,Economy,855.71,3,USA,Corporate
433,35,2024-01-23,2024-02-28,Y,Economy,811.42,1,India,OTA
434,35,2023-12-31,2024-02-28,L,Economy,340.64,2,Germany,OTA
435,36,2024-03-02,2024-03-09,M,Economy,603.58,3,Germany,Direct
436,36,2023-12-22,2024-03-09,Y,Economy,839.8,2,Germany,GDS
437,36,2024-02-24,2024-03-09,Y,Economy,903.61,3,India,GDS
438,36,2024-01-05,2024-03-09,J,Business,3031.34,2,India,Corporate
439,36,2024-02-12,2024-03-09,F,First,5158.12,2,India,Direct
440,36,2023-12-18,2024-03-09,L,Economy,342.14,1,Qatar,GDS
441,36,2023-12-30,2024-03-09,Y,Economy,793.13,3,India,Direct
442,36,2024-01-14,2024-03-09,F,First,4908.62,2,Qatar,GDS
443,36,2023-12-31,2024-03-09,J,Business,3039.83,2,Germany,Direct
444,36,2023-12-18,2024-03-09,M,Economy,655.36,2,Qatar,Corporate
445,36,2024-01-30,2024-03-09,Y,Economy,1020.0,3,Germany,Corporate
446,36,2024-02-26,2024-03-09,M,Economy,612.4,3,UK,Direct
447,36,2024-01-26,2024-03-09,F,First,5271.99,1,Germany,Direct
448,36,2023-12-18,2024-03-09,F,First,5041.02,2,USA,Direct
449,36,2024-01-27,2024-03-09,M,Economy,569.43,3,USA,Direct
450,36,2024-01-09,2024-03-09,J,Business,2968.8,2,Germany,OTA
451,36,2024-02-20,2024-03-09,L,Economy,395.2,1,India,Corporate
452,36,2024-01-12,2024-03-09,M,Economy,560.56,1,Germany,Direct
453,36,2024-01-05,2024-03-09,L,Economy,323.57,2,Germany,OTA
454,37,2023-12-05,2024-01-29,F,First,5608.13,3,Germany,GDS
455,37,2024-01-25,2024-01-29,L,Economy,319.73,3,Qatar,Direct
456,37,2024-01-27,2024-01-29,J,Business,3321.33,1,UK,OTA
457,37,2023-11-07,2024-01-29,Y,Economy,767.49,2,Qatar,OTA
458,37,2023-11-24,2024-01-29,Y,Economy,1017.97,2,USA,GDS
459,37,2024-01-17,2024-01-29,J,Business,2726.87,3,USA,GDS
460,37,2023-11-10,2024-01-29,F,First,4496.66,3,India,Corporate
461,37,2023-12-27,2024-01-29,Y,Economy,766.57,3,UK,GDS
462,37,2023-11-26,2024-01-29,M,Economy,687.25,2,Qatar,OTA
463,37,2023-12-09,2024-01-29,Y,Economy,835.45,2,Qatar,OTA
464,37,2023-11-26,2024-01-29,Y,Economy,980.74,1,UK,GDS
465,37,2023-12-28,2024-01-29,L,Economy,387.44,1,Qatar,OTA
466,37,2023-12-10,2024-01-29,F,First,4760.63,3,Qatar,OTA
467,37,2024-01-22,2024-01-29,J,Business,3666.6,1,UK,Corporate
468,38,2023-11-01,2024-01-30,J,Business,3145.54,1,USA,GDS
469,38,2023-12-10,2024-01-30,F,First,4644.41,1,India,Corporate
470,38,2023-11-15,2024-01-30,M,Economy,605.43,2,Qatar,OTA
471,38,2024-01-13,2024-01-30,L,Economy,327.61,1,India,Direct
472,38,2023-12-08,2024-01-30,Y,Economy,915.15,2,Qatar,OTA
473,39,2024-01-11,2024-03-15,J,Business,3200.3,3,India,Direct
474,39,2023-12-24,2024-03-15,M,Economy,588.52,2,UK,OTA
475,39,2024-02-20,2024-03-15,Y,Economy,842.12,2,Germany,Direct
476,39,2024-03-09,2024-03-15,M,Economy,684.21,2,India,OTA
477,39,2024-02-27,2024-03-15,M,Economy,517.3,2,USA,OTA
478,39,2024-02-19,2024-03-15,J,Business,3629.9,1,India,Direct
479,39,2023-12-29,2024-03-15,M,Economy,626.67,3,UK,Corporate
480,39,2024-01-27,2024-03-15,F,First,4337.07,3,Germany,GDS
481,39,2024-02-13,2024-03-15,F,First,4649.01,2,Qatar,GDS
482,39,2024-02-21,2024-03-15,J,Business,3335.98,3,USA,Direct
483,39,2024-02-26,2024-03-15,J,Business,3205.18,2,USA,GDS
484,39,2024-03-03,2024-03-15,J,Business,3551.47,3,Germany,GDS
485,39,2024-01-01,2024-03-15,L,Economy,350.95,3,Germany,Direct
486,39,2024-03-12,2024-03-15,F,First,5195.61,1,UK,GDS
487,40,2024-02-18,2024-03-01,M,Economy,597.17,1,Germany,GDS
488,40,2023-12-26,2024-03-01,L,Economy,314.17,3,USA,Corporate
489,40,2024-01-24,2024-03-01,Y,Economy,838.46,3,Qatar,Direct
490,40,2024-02-02,2024-03-01,F,First,5338.41,2,India,GDS
491,40,2024-02-27,2024-03-01,F,First,5038.09,1,Germany,Corporate
492,40,2023-12-20,2024-03-01,L,Economy,374.76,2,India,Corporate
493,40,2024-02-13,2024-03-01,M,Economy,536.37,2,India,GDS
494,40,2023-12-22,2024-03-01,J,Business,2737.27,3,USA,Direct
495,40,2024-01-22,2024-03-01,Y,Economy,856.55,1,Germany,OTA
496,40,2024-02-03,2024-03-01,M,Economy,554.78,1,Qatar,Direct
497,40,2024-01-04,2024-03-01,Y,Economy,1031.21,1,USA,Corporate
498,40,2023-12-21,2024-03-01,F,First,4418.51,2,UK,OTA
499,40,2023-12-18,2024-03-01,L,Economy,364.93,1,USA,OTA
500,40,2023-12-02,2024-03-01,Y,Economy,896.96,2,Qatar,Corporate
501,40,2024-01-25,2024-03-01,F,First,5223.05,1,Qatar,Corporate
502,40,2024-02-02,2024-03-01,J,Business,3312.51,3,Qatar,Direct
503,40,2023-12-20,2024-03-01,J,Business,3471.82,3,Germany,OTA
504,41,2024-02-02,2024-02-29,F,First,4369.54,3,USA,Direct
505,41,2024-01-20,2024-02-29,J,Business,3615.52,1,USA,OTA
506,41,2024-02-13,2024-02-29,F,First,5691.22,3,India,Direct
507,41,2024-01-27,2024-02-29,Y,Economy,777.86,2,Qatar,Corporate
508,41,2023-12-29,2024-02-29,M,Economy,650.34,2,USA,Corporate
509,41,2023-12-16,2024-02-29,M,Economy,639.02,2,Qatar,Direct
510,41,2024-01-23,2024-02-29,Y,Economy,1024.79,3,India,Corporate
511,41,2024-02-28,2024-02-29,M,Economy,527.18,2,India,OTA
512,41,2024-02-04,2024-02-29,F,First,5130.8,2,Qatar,OTA
513,41,2023-12-13,2024-02-29,L,Economy,356.31,1,USA,Direct
514,41,2023-12-17,2024-02-29,L,Economy,297.57,2,USA,Direct
515,41,2024-01-29,2024-02-29,F,First,5267.61,1,Qatar,Corporate
516,41,2023-12-19,2024-02-29,J,Business,2819.92,3,USA,Corporate
517,42,2023-10-11,2024-01-02,M,Economy,604.15,1,Qatar,GDS
518,42,2023-11-18,2024-01-02,F,First,5515.9,2,Germany,OTA
519,42,2023-10-16,2024-01-02,J,Business,3540.02,1,UK,Direct
520,42,2023-10-18,2024-01-02,L,Economy,395.88,1,UK,OTA
521,42,2023-10-21,2024-01-02,L,Economy,312.05,2,Germany,Direct
522,43,2024-01-07,2024-02-08,M,Economy,522.97,1,Qatar,GDS
523,43,2023-11-17,2024-02-08,Y,Economy,1024.44,2,Qatar,OTA
524,43,2023-12-21,2024-02-08,M,Economy,589.54,3,India,Corporate
525,43,2023-11-26,2024-02-08,M,Economy,637.74,2,Germany,OTA
526,43,2023-12-01,2024-02-08,L,Economy,365.41,3,Qatar,GDS
527,43,2023-11-24,2024-02-08,J,Business,3560.89,1,UK,GDS
528,43,2024-02-04,2024-02-08,F,First,5599.11,3,Germany,Direct
529,43,2023-12-21,2024-02-08,L,Economy,367.48,3,India,OTA
530,43,2023-11-30,2024-02-08,L,Economy,391.88,3,India,Corporate
531,43,2024-01-20,2024-02-08,M,Economy,639.66,1,USA,GDS
532,43,2024-02-06,2024-02-08,Y,Economy,965.71,2,USA,OTA
533,43,2023-11-22,2024-02-08,M,Economy,597.17,3,Germany,Direct
534,43,2023-12-02,2024-02-08,Y,Economy,940.97,3,India,Corporate
535,43,2024-01-24,2024-02-08,F,First,5071.26,1,Germany,Corporate
536,44,2023-11-20,2024-01-22,M,Economy,649.58,3,UK,Corporate
537,44,2023-11-24,2024-01-22,F,First,4512.16,2,Qatar,Corporate
538,44,2023-11-25,2024-01-22,F,First,5049.4,1,Germany,GDS
539,44,2023-12-12,2024-01-22,F,First,4691.27,2,UK,Direct
540,44,2024-01-08,2024-01-22,L,Economy,336.37,2,Germany,GDS
541,44,2023-11-13,2024-01-22,J,Business,2982.24,1,USA,Direct
542,44,2023-12-19,2024-01-22,L,Economy,314.51,2,UK,Corporate
543,44,2023-11-18,2024-01-22,L,Economy,322.3,3,Qatar,Corporate
544,44,2023-11-14,2024-01-22,M,Economy,684.32,1,Germany,Corporate
545,44,2023-10-29,2024-01-22,L,Economy,396.94,2,Germany,OTA
546,44,2023-12-29,2024-01-22,M,Economy,581.76,3,Qatar,GDS
547,44,2023-11-29,2024-01-22,F,First,4447.54,3,Germany,GDS
548,44,2024-01-20,2024-01-22,L,Economy,315.81,1,USA,Corporate
549,44,2024-01-16,2024-01-22,Y,Economy,955.86,2,India,Corporate
550,44,2023-12-29,2024-01-22,F,First,5026.54,3,UK,OTA
551,44,2023-12-24,2024-01-22,J,Business,3667.21,3,Qatar,GDS
552,44,2023-11-17,2024-01-22,Y,Economy,1033.13,2,India,Direct
553,44,2024-01-07,2024-01-22,M,Economy,514.58,1,UK,Corporate
554,44,2023-12-18,2024-01-22,L,Economy,360.86,3,Germany,Direct
555,45,2024-01-11,2024-02-17,M,Economy,523.58,3,Germany,Direct
556,45,2024-01-15,2024-02-17,M,Economy,592.39,1,Germany,GDS
557,45,2024-01-10,2024-02-17,M,Economy,664.76,1,Germany,OTA
558,45,2023-11-22,2024-02-17,J,Business,3343.77,1,USA,OTA
559,45,2024-02-16,2024-02-17,J,Business,3137.49,2,India,Corporate
560,45,2024-01-10,2024-02-17,J,Business,3427.31,2,Germany,GDS
561,46,2024-02-16,2024-03-15,F,First,5467.87,2,USA,Corporate
562,46,2023-12-23,2024-03-15,M,Economy,525.12,2,UK,GDS
563,46,2023-12-25,2024-03-15,F,First,4504.79,3,Qatar,Corporate
564,46,2024-03-01,2024-03-15,J,Business,3631.84,1,India,Direct
565,46,2024-01-22,2024-03-15,J,Business,3107.14,1,Qatar,Corporate
566,46,2024-02-14,2024-03-15,Y,Economy,1004.09,1,India,Direct
567,46,2024-01-04,2024-03-15,L,Economy,309.75,2,Germany,OTA
568,46,2023-12-23,2024-03-15,L,Economy,337.3,3,Qatar,GDS
569,47,2024-01-24,2024-02-28,Y,Economy,794.26,2,India,Corporate
570,47,2024-01-10,2024-02-28,J,Business,3649.14,2,UK,Corporate
571,47,2024-02-21,2024-02-28,F,First,5736.23,1,UK,GDS
572,47,2023-12-06,2024-02-28,J,Business,3217.1,3,USA,GDS
573,47,2024-01-03,2024-02-28,M,Economy,526.77,1,UK,Corporate
574,47,2024-02-13,2024-02-28,M,Economy,639.79,2,Germany,OTA
575,47,2024-02-16,2024-02-28,Y,Economy,802.28,2,Qatar,Direct
576,47,2024-01-23,2024-02-28,Y,Economy,819.76,3,India,GDS
577,47,2023-12-10,2024-02-28,M,Economy,542.66,3,Qatar,GDS
578,48,2024-03-07,2024-03-15,J,Business,3491.44,2,India,Direct
579,48,2024-02-17,2024-03-15,J,Business,3621.79,3,Qatar,Direct
580,48,2024-01-25,2024-03-15,J,Business,2841.45,3,USA,GDS
581,48,2024-02-04,2024-03-15,J,Business,3578.91,3,Qatar,GDS
582,48,2024-02-15,2024-03-15,Y,Economy,821.0,3,UK,Corporate
583,48,2023-12-27,2024-03-15,F,First,5478.62,1,India,Corporate
584,48,2024-03-03,2024-03-15,M,Economy,684.1,2,India,Direct
585,48,2024-01-31,2024-03-15,L,Economy,343.12,3,India,Direct
586,49,2023-12-26,2024-01-26,Y,Economy,789.23,1,USA,OTA
587,49,2023-11-02,2024-01-26,J,Business,2982.23,1,USA,GDS
588,49,2024-01-16,2024-01-26,F,First,4783.87,2,USA,GDS
589,49,2023-11-21,2024-01-26,L,Economy,396.74,2,India,Corporate
590,49,2024-01-18,2024-01-26,J,Business,3568.57,1,Germany,GDS
591,49,2023-12-29,2024-01-26,L,Economy,380.17,3,Qatar,Direct
592,49,2023-12-12,2024-01-26,J,Business,3105.07,2,Germany,OTA
593,49,2024-01-05,2024-01-26,M,Economy,604.28,3,USA,Direct
594,49,2023-11-08,2024-01-26,J,Business,2990.72,3,UK,Corporate
595,50,2024-01-01,2024-01-28,F,First,4806.47,3,UK,OTA
596,50,2023-11-08,2024-01-28,M,Economy,581.91,1,Qatar,OTA
597,50,2024-01-04,2024-01-28,M,Economy,642.22,2,UK,GDS
598,50,2023-12-01,2024-01-28,J,Business,3417.58,3,UK,Corporate
599,50,2024-01-13,2024-01-28,F,First,5325.11,3,USA,OTA
600,50,2024-01-18,2024-01-28,J,Business,3264.18,1,USA,Direct
601,50,2024-01-24,2024-01-28,M,Economy,565.64,1,Germany,OTA
602,50,2023-11-06,2024-01-28,J,Business,2725.83,3,Germany,GDS
603,50,2023-11-01,2024-01-28,F,First,5528.41,1,Qatar,Corporate
604,50,2024-01-19,2024-01-28,F,First,5330.32,3,Germany,Direct
605,50,2023-12-06,2024-01-28,Y,Economy,931.45,3,India,Direct
606,50,2023-11-26,2024-01-28,F,First,4531.01,2,India,Corporate
607,50,2024-01-03,2024-01-28,F,First,5471.61,3,Qatar,OTA
608,50,2023-11-28,2024-01-28,L,Economy,367.02,2,USA,GDS
609,50,2023-11-07,2024-01-28,F,First,5642.74,2,UK,Corporate
610,51,2023-12-13,2024-01-11,M,Economy,550.64,1,Qatar,Corporate
611,51,2023-10-22,2024-01-11,Y,Economy,924.55,2,Germany,GDS
612,51,2023-11-18,2024-01-11,Y,Economy,847.88,1,USA,Corporate
613,51,2023-11-28,2024-01-11,F,First,4281.36,3,India,GDS
614,51,2024-01-09,2024-01-11,J,Business,2836.95,1,Germany,Corporate
615,51,2023-11-28,2024-01-11,M,Economy,566.93,1,Germany,Corporate
616,51,2023-11-11,2024-01-11,F,First,5510.61,3,India,OTA
617,51,2023-12-19,2024-01-11,Y,Economy,866.6,3,UK,Corporate
618,51,2023-12-15,2024-01-11,Y,Economy,1020.49,3,USA,Direct
619,51,2023-12-21,2024-01-11,F,First,4960.38,1,Germany,Direct
620,51,2023-12-07,2024-01-11,L,Economy,348.39,2,Germany,GDS
621,51,2023-10-28,2024-01-11,F,First,5559.72,3,USA,Corporate
622,51,2023-10-16,2024-01-11,F,First,4398.22,1,Qatar,OTA
623,52,2024-01-31,2024-02-24,F,First,5146.11,2,Qatar,Corporate
624,52,2023-12-22,2024-02-24,J,Business,3159.3,1,Germany,OTA
625,52,2024-01-30,2024-02-24,Y,Economy,774.24,1,Qatar,Direct
626,52,2024-02-13,2024-02-24,J,Business,3460.89,3,Qatar,Direct
627,52,2024-02-23,2024-02-24,M,Economy,655.08,3,Qatar,Direct
628,52,2024-02-09,2024-02-24,Y,Economy,905.68,1,USA,Direct
629,52,2024-02-05,2024-02-24,J,Business,3120.06,1,Germany,Corporate
630,52,2024-01-25,2024-02-24,Y,Economy,858.15,1,India,OTA
631,52,2023-12-22,2024-02-24,M,Economy,549.16,3,Germany,Corporate
632,52,2023-12-19,2024-02-24,J,Business,2976.82,3,Germany,OTA
633,52,2023-12-28,2024-02-24,L,Economy,375.12,2,UK,Direct
634,52,2024-02-20,2024-02-24,F,First,5347.97,1,Germany,Corporate
635,52,2024-02-16,2024-02-24,Y,Economy,873.93,3,USA,Direct
636,53,2024-02-22,2024-03-26,M,Economy,530.85,2,Qatar,Corporate
637,53,2024-02-15,2024-03-26,F,First,5203.81,2,USA,GDS
638,53,2024-03-21,2024-03-26,M,Economy,600.78,3,Germany,GDS
639,53,2024-02-13,2024-03-26,Y,Economy,917.19,2,USA,OTA
640,53,2024-01-30,2024-03-26,J,Business,2854.14,3,USA,OTA
641,53,2024-03-23,2024-03-26,M,Economy,685.26,1,USA,GDS
642,53,2024-01-18,2024-03-26,J,Business,3120.95,1,Qatar,Direct
643,53,2023-12-31,2024-03-26,L,Economy,341.12,1,Germany,Direct
644,53,2024-03-21,2024-03-26,L,Economy,351.98,3,UK,Direct
645,53,2024-02-19,2024-03-26,M,Economy,674.41,2,Qatar,OTA
646,53,2024-01-02,2024-03-26,M,Economy,670.87,1,India,GDS
647,54,2024-01-26,2024-03-09,F,First,4957.8,2,UK,Corporate
648,54,2024-02-23,2024-03-09,L,Economy,384.8,1,UK,Corporate
649,54,2024-01-18,2024-03-09,F,First,5177.08,1,Germany,OTA
650,54,2023-12-22,2024-03-09,M,Economy,638.3,3,Germany,Direct
651,54,2023-12-18,2024-03-09,F,First,5554.42,3,Germany,Corporate
652,54,2024-01-31,2024-03-09,J,Business,2781.55,2,Qatar,OTA
653,54,2024-01-18,2024-03-09,Y,Economy,778.11,3,UK,Corporate
654,54,2024-02-29,2024-03-09,L,Economy,346.86,2,India,Direct
655,54,2024-01-29,2024-03-09,J,Business,3427.91,1,USA,GDS
656,54,2024-01-24,2024-03-09,F,First,5352.58,2,USA,OTA
657,54,2024-02-08,2024-03-09,Y,Economy,784.65,1,USA,Corporate
658,54,2024-01-02,2024-03-09,F,First,4940.61,1,India,OTA
659,54,2024-02-27,2024-03-09,F,First,5450.32,1,India,OTA
660,54,2024-01-27,2024-03-09,M,Economy,629.63,2,Germany,Direct
661,54,2024-02-06,2024-03-09,M,Economy,522.31,2,Germany,GDS
662,54,2023-12-11,2024-03-09,F,First,4963.12,1,Germany,Corporate
663,54,2024-01-09,2024-03-09,F,First,4317.02,2,UK,OTA
664,54,2024-02-26,2024-03-09,Y,Economy,1033.74,2,Germany,Direct
665,54,2023-12-26,2024-03-09,J,Business,3619.61,3,India,GDS
666,55,2024-01-27,2024-02-22,J,Business,3387.39,2,USA,Corporate
667,55,2023-11-29,2024-02-22,L,Economy,318.58,2,UK,Direct
668,55,2023-12-30,2024-02-22,J,Business,3145.07,1,USA,Direct
669,55,2024-02-04,2024-02-22,M,Economy,672.15,1,Qatar,Direct
670,55,2024-02-14,2024-02-22,J,Business,3620.7,1,Qatar,Direct
671,55,2023-11-24,2024-02-22,M,Economy,591.65,1,USA,Direct
672,55,2024-01-31,2024-02-22,J,Business,3549.7,3,India,OTA
673,55,2023-12-23,2024-02-22,F,First,4286.07,3,UK,Corporate
674,55,2023-12-23,2024-02-22,L,Economy,335.82,1,UK,Corporate
675,55,2024-01-17,2024-02-22,F,First,4300.76,2,Qatar,GDS
676,55,2024-01-24,2024-02-22,F,First,5666.24,3,USA,OTA
677,55,2023-12-16,2024-02-22,L,Economy,398.74,2,India,Direct
678,56,2023-12-26,2024-01-02,M,Economy,639.12,2,Germany,Corporate
679,56,2023-11-25,2024-01-02,M,Economy,623.53,2,USA,Direct
680,56,2023-11-08,2024-01-02,M,Economy,555.32,2,Qatar,Direct
681,56,2023-10-19,2024-01-02,F,First,4291.83,3,UK,OTA
682,56,2023-10-10,2024-01-02,Y,Economy,931.51,2,India,OTA
683,56,2023-11-12,2024-01-02,M,Economy,579.87,2,Qatar,OTA
684,56,2023-12-01,2024-01-02,L,Economy,378.43,3,Qatar,Corporate
685,56,2023-10-30,2024-01-02,M,Economy,553.41,1,India,Direct
686,56,2023-11-08,2024-01-02,M,Economy,646.73,2,Qatar,Direct
687,56,2023-12-06,2024-01-02,J,Business,3093.94,2,India,Direct
688,56,2023-10-28,2024-01-02,J,Business,3204.43,3,India,OTA
689,56,2023-10-26,2024-01-02,J,Business,2900.49,3,UK,Direct
690,56,2023-10-18,2024-01-02,Y,Economy,990.88,3,Qatar,GDS
691,56,2023-12-09,2024-01-02,L,Economy,374.38,2,UK,OTA
692,56,2023-11-26,2024-01-02,F,First,5540.08,1,India,OTA
693,56,2023-11-08,2024-01-02,F,First,4303.05,1,USA,OTA
694,56,2023-12-24,2024-01-02,Y,Economy,791.36,2,Qatar,Direct
695,57,2023-11-13,2024-01-04,Y,Economy,979.53,1,UK,GDS
696,57,2023-12-28,2024-01-04,Y,Economy,877.67,3,India,GDS
697,57,2023-10-16,2024-01-04,J,Business,2821.72,3,UK,Direct
698,57,2024-01-03,2024-01-04,F,First,5035.32,2,UK,Corporate
699,57,2023-11-24,2024-01-04,J,Business,3607.59,1,USA,GDS
700,57,2023-12-20,2024-01-04,F,First,4678.8,3,UK,Direct
701,58,2023-12-08,2024-02-19,F,First,4873.19,1,USA,Corporate
702,58,2024-02-16,2024-02-19,L,Economy,355.47,3,UK,Direct
703,58,2023-11-22,2024-02-19,M,Economy,538.39,2,Qatar,GDS
704,58,2024-01-18,2024-02-19,F,First,4809.14,3,Qatar,Corporate
705,58,2023-12-17,2024-02-19,J,Business,3149.07,1,Germany,Direct
706,58,2023-12-10,2024-02-19,J,Business,2749.83,1,USA,OTA
707,59,2023-12-15,2024-03-14,Y,Economy,773.03,2,India,Corporate
708,59,2024-01-30,2024-03-14,Y,Economy,954.94,3,India,OTA
709,59,2023-12-31,2024-03-14,F,First,4646.92,1,India,Corporate
710,59,2024-01-14,2024-03-14,M,Economy,534.48,1,Germany,GDS
711,59,2024-03-05,2024-03-14,L,Economy,337.81,2,Germany,Direct
712,59,2024-01-04,2024-03-14,L,Economy,388.06,3,India,GDS
713,59,2024-02-22,2024-03-14,Y,Economy,974.84,1,India,Corporate
714,59,2024-02-17,2024-03-14,L,Economy,340.99,2,India,OTA
715,59,2024-01-01,2024-03-14,Y,Economy,907.76,1,Qatar,GDS
716,59,2023-12-18,2024-03-14,L,Economy,301.66,3,Qatar,Corporate
717,59,2023-12-26,2024-03-14,L,Economy,298.74,1,UK,GDS
718,60,2024-01-30,2024-02-01,M,Economy,603.95,3,Qatar,OTA
719,60,2023-12-23,2024-02-01,F,First,4574.73,1,Qatar,Direct
720,60,2024-01-24,2024-02-01,M,Economy,547.79,3,USA,Direct
721,60,2023-12-29,2024-02-01,F,First,5259.97,1,Germany,Corporate
722,60,2023-12-12,2024-02-01,Y,Economy,905.69,3,UK,Corporate
723,60,2024-01-19,2024-02-01,Y,Economy,769.02,2,UK,Corporate
724,60,2024-01-26,2024-02-01,L,Economy,301.14,3,Qatar,GDS
725,60,2023-11-17,2024-02-01,L,Economy,353.42,2,Germany,Corporate
726,60,2023-12-13,2024-02-01,F,First,4884.55,3,UK,OTA
727,60,2023-11-04,2024-02-01,F,First,5064.33,3,Qatar,Corporate
728,60,2023-11-16,2024-02-01,M,Economy,659.26,1,India,Direct
729,60,2023-12-19,2024-02-01,J,Business,3610.28,1,USA,GDS
730,60,2024-01-25,2024-02-01,M,Economy,621.92,3,USA,Direct
731,60,2023-12-01,2024-02-01,L,Economy,370.64,1,Qatar,Corporate
732,61,2023-12-16,2024-03-14,Y,Economy,800.04,2,USA,Direct
733,61,2024-01-12,2024-03-14,L,Economy,337.66,1,Qatar,OTA
734,61,2024-01-24,2024-03-14,Y,Economy,792.04,3,Qatar,OTA
735,61,2024-01-17,2024-03-14,J,Business,3608.64,1,Germany,Direct
736,61,2024-02-20,2024-03-14,Y,Economy,931.26,2,India,OTA
737,61,2024-02-08,2024-03-14,M,Economy,514.35,3,UK,Corporate
738,61,2024-01-07,2024-03-14,L,Economy,326.18,3,India,Direct
739,61,2024-02-13,2024-03-14,M,Economy,602.85,1,Germany,OTA
740,61,2024-02-27,2024-03-14,L,Economy,321.32,2,UK,OTA
741,61,2024-01-17,2024-03-14,J,Business,2812.53,1,UK,Direct
742,61,2024-03-04,2024-03-14,M,Economy,628.07,3,India,GDS
743,61,2024-02-25,2024-03-14,M,Economy,681.18,3,Qatar,Direct
744,61,2023-12-18,2024-03-14,J,Business,3505.11,3,USA,GDS
745,61,2024-02-04,2024-03-14,L,Economy,365.14,1,Germany,GDS
746,61,2024-01-28,2024-03-14,Y,Economy,892.47,3,USA,Direct
747,61,2024-02-23,2024-03-14,Y,Economy,979.45,3,India,OTA
748,62,2024-01-18,2024-03-18,F,First,4713.21,2,Qatar,Corporate
749,62,2024-02-13,2024-03-18,Y,Economy,912.08,2,USA,GDS
750,62,2023-12-30,2024-03-18,Y,Economy,908.92,2,Germany,Corporate
751,62,2023-12-26,2024-03-18,J,Business,2804.41,2,India,Direct
752,62,2024-02-29,2024-03-18,Y,Economy,979.14,3,UK,GDS
753,62,2024-02-11,2024-03-18,F,First,5614.68,2,Qatar,Corporate
754,62,2024-02-11,2024-03-18,M,Economy,574.73,3,Qatar,Corporate
755,62,2024-01-04,2024-03-18,F,First,4274.4,1,Qatar,Direct
756,62,2024-03-15,2024-03-18,M,Economy,687.87,2,UK,OTA
757,62,2024-02-02,2024-03-18,F,First,5400.9,2,Qatar,Corporate
758,62,2024-01-11,2024-03-18,J,Business,3590.3,3,Germany,Corporate
759,62,2024-01-30,2024-03-18,L,Economy,351.61,3,India,GDS
760,62,2024-03-13,2024-03-18,J,Business,3534.85,2,UK,GDS
761,62,2023-12-25,2024-03-18,F,First,4692.29,2,UK,Direct
762,62,2024-02-23,2024-03-18,M,Economy,621.58,2,UK,OTA
763,62,2024-02-09,2024-03-18,Y,Economy,915.87,2,India,GDS
764,63,2024-01-19,2024-03-08,F,First,4743.06,3,UK,Corporate
765,63,2024-01-09,2024-03-08,M,Economy,551.63,2,USA,OTA
766,63,2024-01-19,2024-03-08,M,Economy,588.28,2,UK,GDS
767,63,2024-01-27,2024-03-08,M,Economy,649.92,1,India,Corporate
768,63,2023-12-12,2024-03-08,M,Economy,598.89,2,USA,OTA
769,63,2024-01-28,2024-03-08,Y,Economy,1015.57,3,UK,GDS
770,63,2024-01-14,2024-03-08,F,First,5305.76,3,UK,Direct
771,63,2024-02-26,2024-03-08,L,Economy,351.78,3,UK,Direct
772,64,2024-03-17,2024-03-22,J,Business,3640.13,1,Germany,GDS
773,64,2024-03-15,2024-03-22,L,Economy,327.42,3,India,Direct
774,64,2024-03-09,2024-03-22,M,Economy,657.7,2,UK,Corporate
775,64,2023-12-31,2024-03-22,M,Economy,545.26,2,India,Direct
776,64,2023-12-31,2024-03-22,J,Business,3519.34,1,Qatar,Corporate
777,64,2023-12-24,2024-03-22,J,Business,3026.73,1,Qatar,Direct
778,64,2024-03-13,2024-03-22,Y,Economy,788.53,3,Qatar,OTA
779,64,2024-01-06,2024-03-22,F,First,4672.66,1,India,OTA
780,64,2024-03-16,2024-03-22,L,Economy,302.44,2,India,Corporate
781,64,2024-03-17,2024-03-22,J,Business,2726.61,3,India,Direct
782,64,2024-01-25,2024-03-22,J,Business,3276.26,2,Germany,OTA
783,64,2023-12-30,2024-03-22,M,Economy,682.01,3,Qatar,Direct
784,64,2024-01-23,2024-03-22,J,Business,3091.75,3,USA,OTA
785,64,2024-01-22,2024-03-22,Y,Economy,911.66,3,USA,Direct
786,64,2023-12-28,2024-03-22,Y,Economy,891.95,1,Qatar,Corporate
787,64,2024-02-13,2024-03-22,F,First,4831.38,3,USA,GDS
788,64,2024-01-16,2024-03-22,J,Business,3600.56,3,USA,GDS
789,64,2024-02-11,2024-03-22,Y,Economy,789.42,1,India,Corporate
790,65,2023-12-07,2024-01-17,L,Economy,380.54,2,UK,GDS
791,65,2023-12-06,2024-01-17,Y,Economy,1002.62,1,UK,GDS
792,65,2023-12-03,2024-01-17,L,Economy,360.56,3,UK,OTA
793,65,2023-11-16,2024-01-17,M,Economy,650.89,3,Germany,Corporate
794,65,2023-10-21,2024-01-17,L,Economy,300.99,2,USA,OTA
795,66,2023-11-15,2024-01-14,M,Economy,516.14,1,Germany,GDS
796,66,2023-12-21,2024-01-14,L,Economy,323.7,2,UK,OTA
797,66,2023-11-16,2024-01-14,Y,Economy,796.99,2,India,GDS
798,66,2023-12-15,2024-01-14,Y,Economy,795.36,3,India,GDS
799,66,2024-01-08,2024-01-14,F,First,5688.3,1,UK,Corporate
800,66,2023-12-04,2024-01-14,Y,Economy,1023.49,3,India,GDS
801,66,2023-12-03,2024-01-14,M,Economy,642.1,1,Germany,Corporate
802,66,2023-12-24,2024-01-14,F,First,4427.31,3,Germany,Direct
803,66,2023-11-25,2024-01-14,F,First,4941.16,3,India,Direct
804,66,2023-10-31,2024-01-14,L,Economy,386.7,1,Qatar,Direct
805,66,2023-10-30,2024-01-14,M,Economy,588.61,3,India,OTA
806,66,2023-12-05,2024-01-14,Y,Economy,984.41,1,USA,OTA
807,66,2023-12-14,2024-01-14,Y,Economy,987.6,3,USA,GDS
808,66,2023-12-01,2024-01-14,M,Economy,515.52,1,Germany,OTA
809,66,2023-11-18,2024-01-14,M,Economy,657.15,2,India,Corporate
810,67,2023-12-07,2024-01-10,L,Economy,308.01,3,USA,Direct
811,67,2023-11-01,2024-01-10,L,Economy,336.28,1,USA,Direct
812,67,2024-01-08,2024-01-10,M,Economy,567.76,2,Qatar,Direct
813,67,2023-12-10,2024-01-10,L,Economy,381.5,1,Germany,Direct
814,67,2023-11-30,2024-01-10,J,Business,2841.42,1,Qatar,Corporate
815,67,2023-12-08,2024-01-10,F,First,4343.57,2,Qatar,Direct
816,67,2023-12-16,2024-01-10,L,Economy,354.96,3,Qatar,Corporate
817,67,2023-11-21,2024-01-10,F,First,5443.15,3,India,Direct
818,67,2023-10-13,2024-01-10,J,Business,3214.25,1,USA,OTA
819,67,2023-12-24,2024-01-10,Y,Economy,867.75,1,Qatar,Direct
820,67,2023-12-02,2024-01-10,L,Economy,299.15,1,India,Direct
821,67,2023-12-29,2024-01-10,J,Business,3647.24,3,Qatar,GDS
822,67,2023-10-23,2024-01-10,J,Business,3669.8,2,Qatar,GDS
823,68,2023-11-10,2024-01-15,F,First,5192.98,2,UK,Direct
824,68,2023-12-27,2024-01-15,M,Economy,611.15,2,USA,Direct
825,68,2023-11-26,2024-01-15,F,First,5703.61,2,USA,GDS
826,68,2023-12-30,2024-01-15,Y,Economy,914.95,1,India,Corporate
827,68,2023-11-13,2024-01-15,F,First,4368.85,3,Germany,Corporate
828,68,2023-11-26,2024-01-15,M,Economy,553.6,2,USA,GDS
829,68,2023-12-29,2024-01-15,J,Business,3643.69,1,USA,GDS
830,68,2024-01-10,2024-01-15,J,Business,3165.67,3,Germany,OTA
831,68,2023-11-27,2024-01-15,Y,Economy,904.38,1,Qatar,OTA
832,68,2023-10-30,2024-01-15,J,Business,3514.08,1,Qatar,GDS
833,68,2023-12-16,2024-01-15,F,First,4653.73,2,UK,GDS
834,68,2023-11-19,2024-01-15,F,First,5201.27,1,India,Direct
835,68,2023-11-14,2024-01-15,M,Economy,615.99,3,USA,GDS
836,68,2023-11-09,2024-01-15,J,Business,3055.71,1,Qatar,Corporate
837,68,2023-11-19,2024-01-15,M,Economy,630.04,2,Germany,Direct
838,68,2023-11-13,2024-01-15,J,Business,3560.18,2,India,Direct
839,68,2023-10-22,2024-01-15,F,First,4391.73,2,UK,Direct
840,68,2024-01-09,2024-01-15,L,Economy,333.51,3,USA,OTA
841,68,2023-11-29,2024-01-15,L,Economy,307.79,2,USA,Direct
842,68,2023-12-15,2024-01-15,F,First,5107.45,1,USA,GDS
843,69,2024-01-19,2024-01-20,Y,Economy,989.2,3,Germany,GDS
844,69,2023-11-07,2024-01-20,M,Economy,681.69,3,Germany,GDS
845,69,2023-12-27,2024-01-20,M,Economy,583.3,1,Germany,Direct
846,69,2023-10-24,2024-01-20,M,Economy,642.16,1,Germany,OTA
847,69,2023-11-25,2024-01-20,F,First,4363.22,1,USA,Corporate
848,69,2023-11-17,2024-01-20,J,Business,3295.71,1,USA,GDS
849,69,2023-11-30,2024-01-20,Y,Economy,841.63,3,Qatar,OTA
850,70,2024-01-28,2024-02-28,M,Economy,609.97,2,Germany,OTA
851,70,2024-02-26,2024-02-28,L,Economy,343.73,3,Qatar,OTA
852,70,2023-12-15,2024-02-28,M,Economy,677.35,1,UK,Corporate
853,70,2023-12-07,2024-02-28,L,Economy,323.18,1,Qatar,Corporate
854,70,2024-01-28,2024-02-28,F,First,5670.12,3,UK,OTA
855,70,2024-02-22,2024-02-28,Y,Economy,947.34,2,Germany,GDS
856,70,2024-02-21,2024-02-28,J,Business,3554.28,2,Germany,Direct
857,70,2024-01-23,2024-02-28,J,Business,3532.15,3,Germany,GDS
858,71,2023-12-22,2024-01-05,Y,Economy,883.91,1,India,Corporate
859,71,2023-10-29,2024-01-05,Y,Economy,797.92,3,USA,Direct
860,71,2023-12-06,2024-01-05,L,Economy,315.72,3,UK,Direct
861,71,2023-10-20,2024-01-05,M,Economy,512.81,2,Germany,Direct
862,71,2023-11-05,2024-01-05,F,First,5580.37,1,India,OTA
863,71,2023-11-18,2024-01-05,M,Economy,630.19,2,USA,GDS
864,71,2024-01-02,2024-01-05,F,First,4719.3,2,UK,OTA
865,71,2023-11-22,2024-01-05,Y,Economy,861.91,2,USA,Direct
866,71,2023-12-20,2024-01-05,M,Economy,652.97,1,USA,Corporate
867,71,2023-11-26,2024-01-05,Y,Economy,982.52,1,Germany,Corporate
868,71,2024-01-01,2024-01-05,J,Business,2763.43,2,Germany,OTA
869,71,2023-12-24,2024-01-05,L,Economy,345.93,1,UK,OTA
870,71,2023-12-23,2024-01-05,Y,Economy,1003.65,1,Qatar,Direct
871,72,2023-12-06,2024-02-23,F,First,4529.31,2,Germany,OTA
872,72,2023-12-18,2024-02-23,J,Business,3576.39,3,UK,Corporate
873,72,2023-12-02,2024-02-23,F,First,4604.9,1,India,GDS
874,72,2024-02-22,2024-02-23,F,First,4931.67,1,UK,OTA
875,72,2024-01-01,2024-02-23,M,Economy,622.43,1,India,Corporate
876,72,2023-12-27,2024-02-23,F,First,5206.95,1,India,Direct
877,72,2023-12-10,2024-02-23,L,Economy,388.66,1,Germany,OTA
878,72,2023-12-28,2024-02-23,J,Business,3606.97,1,USA,Corporate
879,72,2023-12-25,2024-02-23,J,Business,2974.11,3,Qatar,OTA
880,72,2023-12-06,2024-02-23,Y,Economy,908.92,2,USA,GDS
881,73,2024-02-17,2024-03-29,F,First,4255.67,1,USA,Corporate
882,73,2023-12-30,2024-03-29,F,First,5196.17,1,India,OTA
883,73,2023-12-31,2024-03-29,L,Economy,324.89,3,Qatar,Direct
884,73,2024-03-25,2024-03-29,F,First,5620.0,3,USA,Corporate
885,73,2024-03-15,2024-03-29,L,Economy,346.97,3,UK,Corporate
886,73,2024-02-21,2024-03-29,F,First,5558.25,3,Germany,Direct
887,73,2024-01-21,2024-03-29,J,Business,3387.71,1,Qatar,Corporate
888,73,2024-03-12,2024-03-29,L,Economy,333.55,2,India,OTA
889,73,2024-03-27,2024-03-29,Y,Economy,1026.76,2,UK,Direct
890,73,2024-01-23,2024-03-29,Y,Economy,825.55,1,UK,Corporate
891,73,2024-02-08,2024-03-29,J,Business,2784.07,2,UK,Direct
892,74,2024-02-29,2024-03-03,F,First,5353.09,3,Qatar,Corporate
893,74,2023-12-20,2024-03-03,J,Business,3583.78,1,USA,Corporate
894,74,2024-01-23,2024-03-03,M,Economy,556.84,2,UK,Direct
895,74,2024-02-05,2024-03-03,J,Business,2828.06,1,India,Corporate
896,74,2023-12-08,2024-03-03,F,First,5539.53,2,India,OTA
897,74,2023-12-14,2024-03-03,Y,Economy,881.55,2,India,GDS
898,74,2024-01-26,2024-03-03,F,First,4856.17,2,USA,Direct
899,74,2023-12-14,2024-03-03,Y,Economy,910.44,3,Germany,OTA
900,74,2024-02-01,2024-03-03,L,Economy,358.13,2,USA,Corporate
901,74,2024-01-23,2024-03-03,L,Economy,397.06,1,India,Corporate
902,74,2023-12-12,2024-03-03,J,Business,2779.52,2,USA,Direct
903,74,2024-01-15,2024-03-03,J,Business,3199.61,2,Germany,Corporate
904,74,2024-01-06,2024-03-03,Y,Economy,1022.4,1,India,GDS
905,74,2024-01-01,2024-03-03,M,Economy,512.65,1,UK,GDS
906,74,2024-01-23,2024-03-03,F,First,4484.04,1,Germany,GDS
907,75,2024-02-02,2024-02-10,F,First,4397.8,1,Qatar,Direct
908,75,2023-11-24,2024-02-10,Y,Economy,873.78,1,UK,OTA
909,75,2024-02-06,2024-02-10,L,Economy,351.33,1,India,Corporate
910,75,2023-12-16,2024-02-10,Y,Economy,945.92,1,Germany,OTA
911,75,2024-01-12,2024-02-10,Y,Economy,914.09,1,Germany,OTA
912,75,2024-02-02,2024-02-10,Y,Economy,794.75,3,India,Corporate
913,75,2023-11-17,2024-02-10,M,Economy,602.8,3,Qatar,Corporate
914,75,2024-01-25,2024-02-10,Y,Economy,939.86,3,UK,GDS
915,75,2024-01-04,2024-02-10,M,Economy,528.53,1,India,GDS
916,75,2024-01-11,2024-02-10,L,Economy,377.15,1,Qatar,GDS
917,75,2023-12-27,2024-02-10,Y,Economy,773.39,1,Qatar,GDS
918,75,2023-11-13,2024-02-10,L,Economy,331.42,1,Qatar,Corporate
919,76,2024-01-21,2024-03-04,M,Economy,542.29,1,Qatar,OTA
920,76,2024-01-25,2024-03-04,F,First,5516.88,1,USA,GDS
921,76,2024-02-14,2024-03-04,M,Economy,585.58,2,Germany,Corporate
922,76,2024-02-21,2024-03-04,Y,Economy,829.65,1,Qatar,GDS
923,76,2023-12-10,2024-03-04,Y,Economy,1004.46,1,Germany,Corporate
924,76,2024-01-10,2024-03-04,M,Economy,666.25,3,USA,OTA
925,76,2024-01-19,2024-03-04,Y,Economy,902.21,3,USA,GDS
926,77,2023-12-04,2024-02-25,L,Economy,329.52,2,India,Direct
927,77,2023-12-16,2024-02-25,M,Economy,566.84,2,Germany,Direct
928,77,2024-02-14,2024-02-25,M,Economy,650.82,2,Germany,GDS
929,77,2023-12-20,2024-02-25,F,First,4452.98,2,UK,GDS
930,77,2024-02-17,2024-02-25,Y,Economy,998.77,1,Germany,Corporate
931,77,2024-01-03,2024-02-25,Y,Economy,916.59,1,UK,Corporate
932,77,2023-12-11,2024-02-25,Y,Economy,929.17,1,USA,Direct
933,77,2024-01-13,2024-02-25,Y,Economy,818.69,1,India,OTA
934,77,2024-01-08,2024-02-25,J,Business,3220.62,1,India,Direct
935,77,2023-12-16,2024-02-25,Y,Economy,854.71,2,USA,OTA
936,77,2023-12-19,2024-02-25,M,Economy,688.6,2,India,Corporate
937,77,2024-02-18,2024-02-25,Y,Economy,1022.99,2,USA,GDS
938,77,2024-02-09,2024-02-25,J,Business,3430.41,2,Germany,Corporate
939,77,2023-12-12,2024-02-25,M,Economy,558.05,2,USA,Direct
940,78,2024-03-08,2024-03-12,L,Economy,359.7,1,USA,Direct
941,78,2024-03-11,2024-03-12,M,Economy,623.51,1,Qatar,GDS
942,78,2024-02-24,2024-03-12,Y,Economy,991.61,3,Germany,GDS
943,78,2024-03-10,2024-03-12,Y,Economy,1020.28,3,India,GDS
944,78,2023-12-14,2024-03-12,L,Economy,354.9,3,UK,Corporate
945,78,2024-02-19,2024-03-12,J,Business,3488.71,1,India,OTA
946,78,2024-01-22,2024-03-12,J,Business,3413.6,3,Qatar,OTA
947,78,2023-12-16,2024-03-12,L,Economy,402.37,2,Qatar,OTA
948,78,2024-01-21,2024-03-12,L,Economy,327.41,1,USA,Corporate
949,78,2023-12-31,2024-03-12,J,Business,3318.98,3,UK,GDS
950,78,2024-02-25,2024-03-12,L,Economy,343.88,1,UK,Direct
951,78,2024-02-28,2024-03-12,Y,Economy,998.02,1,UK,Corporate
952,78,2023-12-19,2024-03-12,Y,Economy,811.29,3,Germany,Direct
953,78,2023-12-21,2024-03-12,M,Economy,614.58,1,USA,Corporate
954,78,2023-12-20,2024-03-12,Y,Economy,790.06,1,India,OTA
955,79,2023-12-29,2024-01-19,F,First,5560.83,2,India,OTA
956,79,2023-12-08,2024-01-19,M,Economy,578.8,1,Qatar,Corporate
957,79,2024-01-13,2024-01-19,M,Economy,605.89,1,Germany,Corporate
958,79,2023-12-22,2024-01-19,F,First,5196.06,1,UK,Direct
959,79,2023-12-16,2024-01-19,M,Economy,629.02,3,UK,Corporate
960,79,2023-12-02,2024-01-19,M,Economy,523.13,1,USA,OTA
961,79,2023-11-30,2024-01-19,M,Economy,510.44,3,Germany,Corporate
962,79,2023-12-13,2024-01-19,M,Economy,641.08,1,Qatar,OTA
963,79,2023-11-15,2024-01-19,M,Economy,685.3,1,UK,GDS
964,79,2023-12-01,2024-01-19,M,Economy,601.17,1,Qatar,OTA
965,79,2023-11-17,2024-01-19,L,Economy,375.0,2,UK,Direct
966,79,2023-12-10,2024-01-19,J,Business,2748.03,1,India,Corporate
967,79,2023-11-03,2024-01-19,J,Business,3659.4,3,UK,Corporate
968,79,2023-12-18,2024-01-19,M,Economy,577.99,1,Germany,GDS
969,79,2024-01-13,2024-01-19,M,Economy,673.47,2,Qatar,Corporate
970,79,2023-12-26,2024-01-19,F,First,4375.77,2,Germany,OTA
971,80,2024-01-03,2024-01-23,F,First,4568.9,1,UK,GDS
972,80,2024-01-03,2024-01-23,L,Economy,302.54,1,USA,Corporate
973,80,2023-11-07,2024-01-23,L,Economy,304.09,3,USA,OTA
974,80,2023-11-10,2024-01-23,Y,Economy,781.8,1,Qatar,Direct
975,80,2023-11-30,2024-01-23,J,Business,2990.87,1,Qatar,Direct
976,80,2024-01-12,2024-01-23,Y,Economy,900.18,3,Germany,Corporate
977,80,2023-11-21,2024-01-23,L,Economy,336.43,1,India,OTA
978,80,2023-12-17,2024-01-23,M,Economy,662.86,2,Qatar,GDS
979,80,2023-10-26,2024-01-23,J,Business,3420.45,3,Germany,GDS
980,80,2024-01-10,2024-01-23,L,Economy,305.85,2,Qatar,GDS
981,80,2024-01-07,2024-01-23,Y,Economy,864.32,3,India,OTA
982,80,2023-12-26,2024-01-23,Y,Economy,841.11,1,UK,Direct
983,80,2023-11-01,2024-01-23,L,Economy,313.76,3,USA,GDS
984,81,2024-02-18,2024-03-23,M,Economy,643.43,2,India,GDS
985,81,2024-03-03,2024-03-23,M,Economy,512.2,2,UK,OTA
986,81,2024-01-06,2024-03-23,F,First,5615.16,2,UK,OTA
987,81,2024-01-27,2024-03-23,L,Economy,388.73,1,Germany,Direct
988,81,2023-12-31,2024-03-23,M,Economy,650.26,3,India,OTA
989,81,2024-02-09,2024-03-23,Y,Economy,858.72,3,UK,Direct
990,81,2024-03-08,2024-03-23,Y,Economy,806.14,1,Germany,GDS
991,81,2024-03-06,2024-03-23,M,Economy,658.83,2,India,Corporate
992,81,2024-02-01,2024-03-23,F,First,4359.07,2,Qatar,Direct
993,81,2024-02-12,2024-03-23,F,First,4973.53,1,Germany,OTA
994,81,2024-01-22,2024-03-23,F,First,4930.33,1,India,Corporate
995,81,2024-01-11,2024-03-23,L,Economy,329.84,1,India,GDS
996,81,2024-03-18,2024-03-23,Y,Economy,804.33,1,UK,OTA
997,81,2024-02-29,2024-03-23,Y,Economy,799.64,2,Germany,OTA
998,81,2024-01-11,2024-03-23,Y,Economy,927.6,3,Germany,Direct
999,81,2023-12-26,2024-03-23,Y,Economy,931.7,1,USA,OTA
1000,81,2024-03-01,2024-03-23,L,Economy,340.96,1,USA,Corporate
1001,81,2024-03-06,2024-03-23,L,Economy,309.48,3,USA,GDS
1002,81,2024-02-20,2024-03-23,Y,Economy,872.96,1,Germany,Direct
1003,81,2024-02-11,2024-03-23,L,Economy,325.35,2,UK,OTA
1004,82,2024-01-14,2024-02-06,Y,Economy,794.74,2,UK,Corporate
1005,82,2023-12-07,2024-02-06,M,Economy,627.8,1,USA,GDS
1006,82,2023-11-27,2024-02-06,J,Business,2964.16,1,Germany,Direct
1007,82,2024-01-28,2024-02-06,L,Economy,374.93,1,India,Direct
1008,82,2023-12-01,2024-02-06,J,Business,3637.6,3,USA,Direct
1009,82,2023-11-20,2024-02-06,F,First,4746.4,1,USA,OTA
1010,82,2024-01-13,2024-02-06,F,First,5668.55,2,UK,OTA
1011,82,2023-11-26,2024-02-06,J,Business,3514.17,1,USA,OTA
1012,82,2023-11-30,2024-02-06,J,Business,3229.69,3,USA,GDS
1013,82,2023-12-23,2024-02-06,Y,Economy,942.42,3,India,OTA
1014,82,2023-12-16,2024-02-06,F,First,5370.49,3,USA,GDS
1015,82,2023-11-20,2024-02-06,Y,Economy,991.43,2,India,OTA
1016,82,2023-12-27,2024-02-06,F,First,5132.02,2,UK,Direct
1017,82,2024-01-01,2024-02-06,J,Business,2743.67,2,UK,OTA
1018,82,2024-01-29,2024-02-06,J,Business,3635.43,2,UK,OTA
1019,82,2024-01-18,2024-02-06,M,Economy,682.44,1,USA,Corporate
1020,82,2023-12-06,2024-02-06,F,First,4822.83,3,India,GDS
1021,82,2023-11-24,2024-02-06,M,Economy,552.41,2,UK,GDS
1022,82,2023-11-23,2024-02-06,L,Economy,391.39,3,Qatar,OTA
1023,82,2024-01-30,2024-02-06,L,Economy,388.64,2,Germany,Direct
1024,83,2023-12-27,2024-02-17,F,First,5179.36,1,Germany,OTA
1025,83,2023-12-31,2024-02-17,F,First,5005.43,3,Germany,Corporate
1026,83,2024-01-19,2024-02-17,F,First,4304.63,2,Qatar,GDS
1027,83,2023-12-08,2024-02-17,Y,Economy,795.11,3,Qatar,OTA
1028,83,2023-11-27,2024-02-17,J,Business,3053.16,1,India,Corporate
1029,83,2023-12-27,2024-02-17,J,Business,2986.37,3,USA,Corporate
1030,83,2023-11-24,2024-02-17,M,Economy,634.49,2,USA,GDS
1031,83,2024-01-09,2024-02-17,L,Economy,353.28,3,USA,GDS
1032,83,2024-02-04,2024-02-17,F,First,4533.96,3,India,Corporate
1033,83,2023-12-26,2024-02-17,L,Economy,353.26,3,USA,GDS
1034,83,2023-12-15,2024-02-17,M,Economy,675.11,2,Qatar,Direct
1035,83,2023-12-09,2024-02-17,Y,Economy,828.48,3,India,OTA
1036,83,2023-11-25,2024-02-17,L,Economy,340.31,1,UK,OTA
1037,83,2024-01-12,2024-02-17,F,First,4364.54,2,USA,Corporate
1038,83,2024-01-23,2024-02-17,M,Economy,575.56,3,India,Corporate
1039,83,2024-01-18,2024-02-17,L,Economy,381.01,1,India,GDS
1040,84,2023-10-30,2024-01-03,L,Economy,396.87,3,UK,OTA
1041,84,2023-10-21,2024-01-03,F,First,5519.76,2,Germany,GDS
1042,84,2023-12-14,2024-01-03,J,Business,2796.26,1,UK,GDS
1043,84,2023-11-19,2024-01-03,L,Economy,359.01,3,UK,OTA
1044,84,2023-11-22,2024-01-03,M,Economy,636.05,2,USA,Direct
1045,84,2023-12-28,2024-01-03,M,Economy,656.44,1,UK,GDS
1046,84,2023-10-05,2024-01-03,F,First,4840.7,3,USA,Corporate
1047,84,2023-10-06,2024-01-03,J,Business,2869.66,2,UK,Direct
1048,84,2023-11-20,2024-01-03,J,Business,2861.29,2,Qatar,Corporate
1049,84,2023-10-31,2024-01-03,M,Economy,615.24,2,Qatar,OTA
1050,84,2023-12-09,2024-01-03,F,First,4342.86,1,Qatar,Direct
1051,84,2023-12-03,2024-01-03,Y,Economy,866.95,1,USA,OTA
1052,84,2023-10-07,2024-01-03,M,Economy,679.93,1,Germany,OTA
1053,84,2023-10-10,2024-01-03,Y,Economy,768.7,2,Germany,Corporate
1054,84,2023-10-27,2024-01-03,L,Economy,301.62,2,Germany,Direct
1055,85,2024-02-23,2024-03-24,Y,Economy,808.07,3,Qatar,Direct
1056,85,2024-01-22,2024-03-24,L,Economy,304.1,1,UK,GDS
1057,85,2024-03-13,2024-03-24,M,Economy,634.76,2,UK,OTA
1058,85,2024-02-15,2024-03-24,L,Economy,364.04,2,India,GDS
1059,85,2024-01-05,2024-03-24,M,Economy,548.4,2,Germany,Direct
1060,85,2024-03-07,2024-03-24,Y,Economy,769.78,1,UK,Direct
1061,85,2024-02-16,2024-03-24,F,First,5215.38,2,Germany,Corporate
1062,85,2024-01-22,2024-03-24,Y,Economy,794.42,2,Qatar,OTA
1063,85,2024-01-08,2024-03-24,L,Economy,341.21,3,Qatar,Direct
1064,85,2024-01-02,2024-03-24,F,First,4796.75,2,India,GDS
1065,85,2024-01-07,2024-03-24,F,First,5147.83,3,USA,GDS
1066,85,2024-03-01,2024-03-24,J,Business,3504.81,1,USA,GDS
1067,85,2024-03-11,2024-03-24,F,First,5208.98,3,USA,GDS
1068,85,2024-01-15,2024-03-24,J,Business,3143.02,1,USA,Direct
1069,85,2024-02-04,2024-03-24,F,First,5604.71,1,Germany,Corporate
1070,85,2024-03-19,2024-03-24,L,Economy,353.42,2,India,GDS
1071,85,2024-03-17,2024-03-24,F,First,4700.57,1,Germany,Direct
1072,85,2024-03-01,2024-03-24,Y,Economy,1023.41,3,India,Direct
1073,85,2024-02-20,2024-03-24,J,Business,2758.11,1,India,OTA
1074,86,2023-11-23,2024-02-02,Y,Economy,952.93,2,India,GDS
1075,86,2024-01-29,2024-02-02,Y,Economy,828.17,3,India,GDS
1076,86,2024-01-04,2024-02-02,L,Economy,320.42,1,USA,Direct
1077,86,2023-12-06,2024-02-02,J,Business,2843.81,1,India,OTA
1078,86,2023-12-06,2024-02-02,L,Economy,386.35,2,Qatar,OTA
1079,86,2023-11-23,2024-02-02,Y,Economy,935.99,2,Germany,GDS
1080,86,2023-11-29,2024-02-02,L,Economy,362.64,2,USA,Corporate
1081,86,2023-12-07,2024-02-02,Y,Economy,789.11,2,Qatar,GDS
1082,86,2023-12-03,2024-02-02,J,Business,2755.57,3,UK,Direct
1083,86,2023-11-15,2024-02-02,F,First,5319.44,2,USA,OTA
1084,86,2023-12-21,2024-02-02,L,Economy,340.17,2,UK,OTA
1085,87,2024-03-02,2024-03-29,L,Economy,331.17,2,UK,Direct
1086,87,2024-01-09,2024-03-29,M,Economy,545.37,3,Qatar,OTA
1087,87,2023-12-31,2024-03-29,Y,Economy,931.98,1,USA,Direct
1088,87,2024-02-23,2024-03-29,M,Economy,608.24,2,Qatar,GDS
1089,87,2024-01-29,2024-03-29,Y,Economy,767.16,1,Qatar,Direct
1090,87,2024-03-17,2024-03-29,J,Business,2906.03,3,Germany,Direct
1091,87,2024-01-10,2024-03-29,M,Economy,527.71,3,Qatar,Corporate
1092,87,2024-01-21,2024-03-29,J,Business,3191.03,3,Qatar,GDS
1093,87,2024-02-16,2024-03-29,L,Economy,343.06,1,USA,Direct
1094,87,2024-02-02,2024-03-29,Y,Economy,987.72,1,UK,GDS
1095,87,2024-01-29,2024-03-29,L,Economy,371.46,3,UK,OTA
1096,87,2024-02-09,2024-03-29,L,Economy,385.13,3,Qatar,Direct
1097,88,2024-01-15,2024-02-04,Y,Economy,791.21,2,India,Direct
1098,88,2024-01-08,2024-02-04,F,First,4999.8,2,Germany,Corporate
1099,88,2023-12-21,2024-02-04,L,Economy,311.55,3,Qatar,OTA
1100,88,2023-12-29,2024-02-04,J,Business,3638.66,2,USA,GDS
1101,88,2023-11-13,2024-02-04,L,Economy,394.29,1,Qatar,GDS
1102,88,2023-11-14,2024-02-04,Y,Economy,979.79,1,USA,Corporate
1103,89,2023-12-30,2024-02-15,L,Economy,345.78,2,India,Direct
1104,89,2023-12-06,2024-02-15,M,Economy,620.17,3,USA,Direct
1105,89,2024-01-31,2024-02-15,J,Business,3171.33,3,UK,GDS
1106,89,2023-12-03,2024-02-15,Y,Economy,887.7,1,Qatar,GDS
1107,89,2024-01-05,2024-02-15,M,Economy,542.39,1,UK,GDS
1108,89,2024-01-14,2024-02-15,F,First,4621.76,1,UK,Direct
1109,89,2024-01-13,2024-02-15,F,First,5320.85,1,Germany,Corporate
1110,89,2024-02-04,2024-02-15,Y,Economy,970.4,2,USA,GDS
1111,89,2024-01-30,2024-02-15,L,Economy,322.06,1,Qatar,Direct
1112,89,2023-12-18,2024-02-15,L,Economy,336.83,3,Qatar,OTA
1113,89,2024-01-30,2024-02-15,M,Economy,610.74,3,Germany,Corporate
1114,89,2023-11-30,2024-02-15,M,Economy,559.22,3,Qatar,OTA
1115,89,2023-12-11,2024-02-15,Y,Economy,827.82,2,India,GDS
1116,89,2023-12-15,2024-02-15,M,Economy,653.68,2,India,Corporate
1117,89,2023-12-21,2024-02-15,L,Economy,307.89,2,UK,Corporate
1118,89,2024-02-08,2024-02-15,J,Business,3534.59,1,USA,Corporate
1119,90,2024-01-10,2024-03-01,L,Economy,305.91,3,USA,Corporate
1120,90,2024-02-23,2024-03-01,J,Business,2791.69,1,UK,GDS
1121,90,2024-02-02,2024-03-01,L,Economy,299.82,2,UK,Direct
1122,90,2023-12-22,2024-03-01,Y,Economy,816.89,1,India,Direct
1123,90,2023-12-25,2024-03-01,Y,Economy,831.17,1,India,GDS
1124,90,2023-12-15,2024-03-01,J,Business,3327.37,2,USA,Corporate
1125,90,2023-12-30,2024-03-01,L,Economy,401.75,1,USA,GDS
1126,90,2024-02-19,2024-03-01,F,First,5063.02,2,Qatar,OTA
1127,90,2024-01-25,2024-03-01,M,Economy,670.58,3,India,Direct
1128,90,2024-01-19,2024-03-01,F,First,4551.79,1,India,Direct
1129,90,2024-01-19,2024-03-01,M,Economy,623.03,3,USA,Direct
1130,91,2023-10-20,2024-01-01,M,Economy,568.7,2,India,Corporate
1131,91,2023-12-18,2024-01-01,Y,Economy,844.12,2,Germany,GDS
1132,91,2023-12-25,2024-01-01,F,First,5421.34,2,UK,OTA
1133,91,2023-12-10,2024-01-01,J,Business,3371.25,2,USA,Direct
1134,91,2023-10-19,2024-01-01,M,Economy,675.94,3,India,GDS
1135,91,2023-10-24,2024-01-01,Y,Economy,1034.33,3,India,Corporate
1136,91,2023-12-06,2024-01-01,M,Economy,523.2,1,Qatar,Direct
1137,91,2023-12-21,2024-01-01,J,Business,2932.11,1,India,OTA
1138,91,2023-11-30,2024-01-01,F,First,5656.9,1,USA,GDS
1139,91,2023-12-27,2024-01-01,Y,Economy,815.18,2,USA,Corporate
1140,91,2023-10-05,2024-01-01,Y,Economy,774.36,2,USA,OTA
1141,91,2023-12-06,2024-01-01,M,Economy,635.49,3,Germany,GDS
1142,91,2023-10-12,2024-01-01,M,Economy,641.36,1,UK,OTA
1143,91,2023-11-01,2024-01-01,F,First,5726.04,1,USA,Corporate
1144,91,2023-12-08,2024-01-01,M,Economy,641.76,1,Qatar,OTA
1145,92,2023-11-23,2024-02-07,J,Business,3205.4,2,UK,Direct
1146,92,2023-11-29,2024-02-07,L,Economy,310.4,1,India,Corporate
1147,92,2023-12-05,2024-02-07,L,Economy,355.71,3,Germany,Direct
1148,92,2024-01-09,2024-02-07,F,First,4275.36,2,USA,OTA
1149,92,2024-01-10,2024-02-07,M,Economy,656.87,1,Germany,Direct
1150,92,2023-12-13,2024-02-07,F,First,5352.23,3,UK,GDS
1151,92,2023-12-17,2024-02-07,J,Business,3077.87,2,India,Direct
1152,92,2024-01-07,2024-02-07,Y,Economy,941.64,3,UK,Direct
1153,92,2023-12-22,2024-02-07,Y,Economy,920.38,3,India,Direct
1154,92,2023-12-29,2024-02-07,Y,Economy,978.85,2,India,Direct
1155,92,2023-11-30,2024-02-07,F,First,5356.65,2,Qatar,GDS
1156,92,2023-12-15,2024-02-07,J,Business,2769.59,3,India,GDS
1157,92,2023-12-31,2024-02-07,F,First,5317.29,3,India,Corporate
1158,92,2023-12-09,2024-02-07,M,Economy,629.75,2,USA,GDS
1159,93,2024-01-11,2024-03-10,L,Economy,355.4,3,USA,OTA
1160,93,2023-12-11,2024-03-10,J,Business,3090.92,1,Germany,Direct
1161,93,2024-01-24,2024-03-10,J,Business,2821.95,3,Germany,Corporate
1162,93,2024-02-13,2024-03-10,F,First,5551.29,1,India,OTA
1163,93,2024-01-07,2024-03-10,M,Economy,530.68,3,Germany,Corporate
1164,93,2024-03-03,2024-03-10,F,First,4416.0,2,Qatar,Direct
1165,93,2024-01-11,2024-03-10,F,First,5705.84,1,USA,OTA
1166,93,2024-02-07,2024-03-10,M,Economy,549.32,3,Germany,Direct
1167,93,2023-12-24,2024-03-10,M,Economy,608.02,3,UK,GDS
1168,93,2024-03-05,2024-03-10,F,First,4985.57,2,USA,GDS
1169,93,2023-12-26,2024-03-10,Y,Economy,825.15,2,USA,Direct
1170,93,2024-02-24,2024-03-10,J,Business,2772.22,2,USA,Corporate
1171,93,2023-12-21,2024-03-10,F,First,5087.22,1,USA,Corporate
1172,93,2024-02-22,2024-03-10,F,First,4846.1,2,Qatar,Corporate
1173,93,2024-02-05,2024-03-10,F,First,5574.89,2,India,Direct
1174,93,2024-02-08,2024-03-10,L,Economy,349.75,3,Germany,GDS
1175,93,2023-12-13,2024-03-10,F,First,5742.1,1,India,OTA
1176,93,2024-02-09,2024-03-10,J,Business,3270.54,3,Germany,Corporate
1177,94,2023-10-25,2024-01-01,M,Economy,664.23,1,Germany,GDS
1178,94,2023-11-06,2024-01-01,F,First,5209.21,3,Qatar,Corporate
1179,94,2023-10-30,2024-01-01,L,Economy,384.42,3,UK,OTA
1180,94,2023-12-06,2024-01-01,L,Economy,369.91,1,Germany,Corporate
1181,94,2023-11-10,2024-01-01,J,Business,2954.37,1,Germany,GDS
1182,94,2023-12-03,2024-01-01,M,Economy,576.23,2,UK,Corporate
1183,94,2023-11-01,2024-01-01,J,Business,3529.41,1,Germany,Direct
1184,94,2023-10-25,2024-01-01,F,First,4605.76,1,Qatar,Corporate
1185,94,2023-12-28,2024-01-01,L,Economy,327.81,2,Qatar,OTA
1186,94,2023-10-27,2024-01-01,J,Business,3115.67,3,UK,OTA
1187,94,2023-11-04,2024-01-01,Y,Economy,810.32,3,Germany,Direct
1188,94,2023-10-28,2024-01-01,M,Economy,644.51,3,USA,Direct
1189,94,2023-11-13,2024-01-01,J,Business,2733.24,2,UK,Corporate
1190,94,2023-12-16,2024-01-01,M,Economy,606.15,1,Qatar,Corporate
1191,94,2023-11-08,2024-01-01,L,Economy,326.33,1,UK,OTA
1192,94,2023-12-26,2024-01-01,M,Economy,659.11,2,India,GDS
1193,94,2023-12-11,2024-01-01,L,Economy,375.53,3,UK,Direct
1194,94,2023-10-21,2024-01-01,Y,Economy,987.44,1,India,Direct
1195,94,2023-11-20,2024-01-01,F,First,4676.98,1,UK,OTA
1196,95,2024-02-13,2024-02-21,L,Economy,347.77,3,Qatar,GDS
1197,95,2023-12-28,2024-02-21,Y,Economy,824.41,1,Qatar,Corporate
1198,95,2024-01-04,2024-02-21,L,Economy,345.34,1,Germany,Corporate
1199,95,2024-02-10,2024-02-21,Y,Economy,989.67,3,Germany,GDS
1200,95,2024-01-02,2024-02-21,J,Business,3669.29,2,UK,Corporate
1201,95,2024-01-18,2024-02-21,Y,Economy,972.95,2,Germany,GDS
1202,96,2024-02-08,2024-03-16,J,Business,3050.17,1,Germany,Corporate
1203,96,2023-12-17,2024-03-16,J,Business,3377.77,2,India,OTA
1204,96,2024-02-28,2024-03-16,Y,Economy,817.55,3,India,GDS
1205,96,2024-01-27,2024-03-16,M,Economy,584.42,1,USA,GDS
1206,96,2024-02-21,2024-03-16,J,Business,3457.71,2,UK,Corporate
1207,96,2024-02-02,2024-03-16,J,Business,2977.19,3,Germany,Direct
1208,96,2024-02-01,2024-03-16,J,Business,3193.38,2,Germany,Corporate
1209,96,2024-01-29,2024-03-16,J,Business,3355.85,2,Qatar,OTA
1210,96,2024-01-29,2024-03-16,F,First,5249.39,1,Germany,Direct
1211,96,2024-03-14,2024-03-16,J,Business,3636.9,1,Qatar,GDS
1212,96,2024-01-11,2024-03-16,F,First,5474.42,3,Qatar,OTA
1213,96,2024-01-06,2024-03-16,F,First,4978.85,2,UK,Corporate
1214,96,2024-03-05,2024-03-16,Y,Economy,959.6,3,Qatar,GDS
1215,96,2024-02-25,2024-03-16,F,First,5006.01,2,USA,Corporate
1216,96,2024-03-02,2024-03-16,J,Business,2889.86,1,Qatar,Direct
1217,96,2023-12-26,2024-03-16,L,Economy,370.73,3,Qatar,OTA
1218,96,2024-01-13,2024-03-16,Y,Economy,833.13,2,India,Corporate
1219,96,2023-12-20,2024-03-16,M,Economy,556.7,1,UK,Corporate
1220,96,2024-03-07,2024-03-16,F,First,5349.4,3,USA,GDS
1221,97,2024-02-18,2024-03-05,F,First,4679.94,3,Qatar,Corporate
1222,97,2024-03-02,2024-03-05,M,Economy,652.74,1,India,GDS
1223,97,2024-01-13,2024-03-05,Y,Economy,841.01,3,India,Direct
1224,97,2024-02-09,2024-03-05,F,First,5061.71,1,USA,Direct
1225,97,2024-02-09,2024-03-05,Y,Economy,925.06,2,Germany,Direct
1226,97,2024-01-26,2024-03-05,F,First,4937.13,1,India,Corporate
1227,97,2024-02-16,2024-03-05,F,First,4487.43,1,India,Corporate
1228,97,2024-01-19,2024-03-05,L,Economy,336.95,2,UK,Direct
1229,97,2024-01-31,2024-03-05,M,Economy,605.7,1,Germany,OTA
1230,98,2024-02-15,2024-03-31,Y,Economy,862.74,1,India,OTA
1231,98,2024-03-15,2024-03-31,F,First,5635.6,2,Qatar,OTA
1232,98,2024-03-11,2024-03-31,J,Business,3183.87,2,India,Direct
1233,98,2024-02-22,2024-03-31,L,Economy,305.67,2,India,Direct
1234,98,2024-03-12,2024-03-31,F,First,5512.99,3,UK,Direct
1235,98,2024-03-30,2024-03-31,M,Economy,648.94,3,India,OTA
1236,98,2024-01-25,2024-03-31,F,First,5613.34,2,Germany,Direct
1237,98,2024-01-13,2024-03-31,L,Economy,347.31,1,Qatar,Corporate
1238,98,2024-02-07,2024-03-31,M,Economy,669.71,3,India,Direct
1239,98,2024-01-11,2024-03-31,M,Economy,578.75,1,Germany,Corporate
1240,98,2024-01-30,2024-03-31,Y,Economy,768.43,3,UK,Direct
1241,98,2024-01-04,2024-03-31,Y,Economy,768.07,2,USA,OTA
1242,99,2024-02-05,2024-03-19,M,Economy,649.32,3,India,Corporate
1243,99,2024-01-13,2024-03-19,L,Economy,357.87,2,USA,GDS
1244,99,2024-01-22,2024-03-19,F,First,5000.08,2,India,Corporate
1245,99,2024-02-22,2024-03-19,M,Economy,535.44,3,USA,Direct
1246,99,2024-02-20,2024-03-19,M,Economy,667.59,3,USA,GDS
1247,99,2024-02-10,2024-03-19,J,Business,2795.85,2,Qatar,GDS
1248,99,2024-01-01,2024-03-19,Y,Economy,812.93,3,Germany,OTA
1249,99,2024-02-17,2024-03-19,Y,Economy,789.42,3,UK,OTA
1250,99,2024-01-21,2024-03-19,L,Economy,402.49,1,UK,OTA
1251,99,2024-01-14,2024-03-19,M,Economy,530.64,2,India,Corporate
1252,99,2023-12-30,2024-03-19,M,Economy,540.37,1,Qatar,Corporate
1253,99,2023-12-27,2024-03-19,J,Business,3553.98,3,India,GDS
1254,99,2024-03-14,2024-03-19,L,Economy,372.5,1,UK,Corporate
1255,99,2024-01-21,2024-03-19,J,Business,3552.91,1,USA,Corporate
1256,99,2024-01-15,2024-03-19,L,Economy,340.0,3,Qatar,OTA
1257,99,2023-12-26,2024-03-19,L,Economy,369.24,2,USA,Corporate
1258,99,2024-02-04,2024-03-19,F,First,4421.66,2,USA,OTA
1259,99,2023-12-31,2024-03-19,M,Economy,539.62,1,Qatar,Direct
1260,99,2024-03-11,2024-03-19,J,Business,2739.31,2,UK,GDS
1261,100,2024-02-18,2024-03-20,Y,Economy,943.66,1,Germany,GDS
1262,100,2023-12-29,2024-03-20,F,First,5213.69,3,Qatar,Corporate
1263,100,2024-03-01,2024-03-20,J,Business,3367.97,3,UK,OTA
1264,100,2023-12-29,2024-03-20,Y,Economy,989.34,1,Qatar,Direct
1265,100,2023-12-23,2024-03-20,F,First,4534.11,2,India,Direct
1266,100,2024-02-10,2024-03-20,M,Economy,587.61,3,Germany,GDS
1267,100,2024-02-18,2024-03-20,M,Economy,518.31,3,Germany,GDS
1268,100,2024-01-18,2024-03-20,Y,Economy,946.13,3,UK,GDS
1269,100,2024-02-15,2024-03-20,F,First,4794.77,2,USA,GDS
1270,100,2024-01-14,2024-03-20,J,Business,3024.13,2,USA,OTA
1271,100,2023-12-24,2024-03-20,L,Economy,337.32,3,Germany,Corporate
1272,100,2024-02-12,2024-03-20,F,First,4774.75,1,UK,OTA
1273,100,2024-01-28,2024-03-20,L,Economy,387.44,2,UK,Direct
1274,100,2024-03-10,2024-03-20,Y,Economy,889.68,2,India,Corporate
1275,100,2024-01-29,2024-03-20,L,Economy,304.53,3,Germany,Corporate
