flight_id,flight_date,capacity,Booked_Seats,Load_Factor_Percentage
1,2025-01-01,320,23,7.1875
2,2025-01-02,150,33,22
3,2025-01-03,250,20,8
4,2025-01-04,320,37,11.5625
5,2025-01-05,320,31,9.6875
6,2025-01-06,300,25,8.33333333333333
7,2025-01-07,320,12,3.75
8,2025-01-08,320,20,6.25
9,2025-01-09,320,14,4.375
10,2025-01-10,250,42,16.8
11,2025-01-11,320,27,8.4375
12,2025-01-12,150,17,11.3333333333333
13,2025-01-13,150,24,16
14,2025-01-14,300,37,12.3333333333333
15,2025-01-15,250,19,7.6
16,2025-01-16,300,25,8.33333333333333
17,2025-01-17,300,10,3.33333333333333
18,2025-01-18,250,33,13.2
19,2025-01-19,320,18,5.625
20,2025-01-20,300,17,5.66666666666667
21,2025-01-21,320,9,2.8125
22,2025-01-22,320,22,6.875
23,2025-01-23,320,15,4.6875
24,2025-01-24,250,12,4.8
25,2025-01-25,320,41,12.8125
26,2025-01-26,320,28,8.75
27,2025-01-27,300,41,13.6666666666667
28,2025-01-28,250,12,4.8
29,2025-01-29,150,26,17.3333333333333
30,2025-01-30,300,27,9
31,2025-01-31,250,32,12.8
32,2025-02-01,300,26,8.66666666666667
33,2025-02-02,250,38,15.2
34,2025-02-03,320,26,8.125
35,2025-02-04,250,33,13.2
36,2025-02-05,300,40,13.3333333333333
37,2025-02-06,300,30,10
38,2025-02-07,150,7,4.66666666666667
39,2025-02-08,300,32,10.6666666666667
40,2025-02-09,320,32,10
41,2025-02-10,320,27,8.4375
42,2025-02-11,320,7,2.1875
43,2025-02-12,300,31,10.3333333333333
44,2025-02-13,320,40,12.5
45,2025-02-14,150,10,6.66666666666667
46,2025-02-15,150,15,10
47,2025-02-16,300,19,6.33333333333333
48,2025-02-17,300,20,6.66666666666667
49,2025-02-18,320,18,5.625
50,2025-02-19,250,33,13.2
51,2025-02-20,250,25,10
52,2025-02-21,150,25,16.6666666666667
53,2025-02-22,300,21,7
54,2025-02-23,250,35,14
55,2025-02-24,250,22,8.8
56,2025-02-25,320,36,11.25
57,2025-02-26,300,13,4.33333333333333
58,2025-02-27,250,11,4.4
59,2025-02-28,300,20,6.66666666666667
60,2025-03-01,250,30,12
61,2025-03-02,250,35,14
62,2025-03-03,250,35,14
63,2025-03-04,250,19,7.6
64,2025-03-05,300,38,12.6666666666667
65,2025-03-06,250,11,4.4
66,2025-03-07,250,30,12
67,2025-03-08,250,24,9.6
68,2025-03-09,250,37,14.8
69,2025-03-10,300,13,4.33333333333333
70,2025-03-11,150,17,11.3333333333333
71,2025-03-12,250,22,8.8
72,2025-03-13,250,16,6.4
73,2025-03-14,150,22,14.6666666666667
74,2025-03-15,250,26,10.4
75,2025-03-16,150,18,12
76,2025-03-17,250,12,4.8
77,2025-03-18,250,23,9.2
78,2025-03-19,150,28,18.6666666666667
79,2025-03-20,250,26,10.4
80,2025-03-21,300,25,8.33333333333333
81,2025-03-22,250,35,14
82,2025-03-23,250,40,16
83,2025-03-24,150,36,24
84,2025-03-25,320,28,8.75
85,2025-03-26,320,36,11.25
86,2025-03-27,300,22,7.33333333333333
87,2025-03-28,320,26,8.125
88,2025-03-29,250,11,4.4
89,2025-03-30,250,31,12.4
90,2025-03-31,320,20,6.25
91,2025-04-01,250,27,10.8
92,2025-04-02,320,32,10
93,2025-04-03,300,38,12.6666666666667
94,2025-04-04,320,35,10.9375
95,2025-04-05,300,12,4
96,2025-04-06,300,38,12.6666666666667
97,2025-04-07,150,15,10
98,2025-04-08,320,25,7.8125
99,2025-04-09,150,40,26.6666666666667
100,2025-04-10,300,34,11.3333333333333
101,2025-04-11,250,NULL,NULL
102,2025-04-12,320,NULL,NULL
103,2025-04-13,150,NULL,NULL
104,2025-04-14,300,NULL,NULL
105,2025-04-15,150,NULL,NULL
106,2025-04-16,250,NULL,NULL
107,2025-04-17,250,NULL,NULL
108,2025-04-18,300,NULL,NULL
109,2025-04-19,300,NULL,NULL
110,2025-04-20,150,NULL,NULL
111,2025-04-21,250,NULL,NULL
112,2025-04-22,150,NULL,NULL
113,2025-04-23,150,NULL,NULL
114,2025-04-24,320,NULL,NULL
115,2025-04-25,320,NULL,NULL
116,2025-04-26,150,NULL,NULL
117,2025-04-27,320,NULL,NULL
118,2025-04-28,150,NULL,NULL
119,2025-04-29,300,NULL,NULL
120,2025-04-30,250,NULL,NULL
121,2025-05-01,320,NULL,NULL
122,2025-05-02,320,NULL,NULL
123,2025-05-03,300,NULL,NULL
124,2025-05-04,300,NULL,NULL
125,2025-05-05,320,NULL,NULL
126,2025-05-06,320,NULL,NULL
127,2025-05-07,150,NULL,NULL
128,2025-05-08,150,NULL,NULL
129,2025-05-09,250,NULL,NULL
130,2025-05-10,150,NULL,NULL
131,2025-05-11,250,NULL,NULL
132,2025-05-12,150,NULL,NULL
133,2025-05-13,320,NULL,NULL
134,2025-05-14,150,NULL,NULL
135,2025-05-15,320,NULL,NULL
136,2025-05-16,300,NULL,NULL
137,2025-05-17,300,NULL,NULL
138,2025-05-18,250,NULL,NULL
139,2025-05-19,320,NULL,NULL
140,2025-05-20,320,NULL,NULL
141,2025-05-21,300,NULL,NULL
142,2025-05-22,150,NULL,NULL
143,2025-05-23,250,NULL,NULL
144,2025-05-24,320,NULL,NULL
145,2025-05-25,300,NULL,NULL
146,2025-05-26,150,NULL,NULL
147,2025-05-27,250,NULL,NULL
148,2025-05-28,150,NULL,NULL
149,2025-05-29,150,NULL,NULL
150,2025-05-30,150,NULL,NULL
151,2025-05-31,320,NULL,NULL
152,2025-06-01,320,NULL,NULL
153,2025-06-02,320,NULL,NULL
154,2025-06-03,320,NULL,NULL
155,2025-06-04,320,NULL,NULL
156,2025-06-05,320,NULL,NULL
157,2025-06-06,150,NULL,NULL
158,2025-06-07,150,NULL,NULL
159,2025-06-08,250,NULL,NULL
160,2025-06-09,150,NULL,NULL
161,2025-06-10,300,NULL,NULL
162,2025-06-11,250,NULL,NULL
163,2025-06-12,150,NULL,NULL
164,2025-06-13,300,NULL,NULL
165,2025-06-14,150,NULL,NULL
166,2025-06-15,320,NULL,NULL
167,2025-06-16,320,NULL,NULL
168,2025-06-17,320,NULL,NULL
169,2025-06-18,150,NULL,NULL
170,2025-06-19,320,NULL,NULL
171,2025-06-20,300,NULL,NULL
172,2025-06-21,250,NULL,NULL
173,2025-06-22,300,NULL,NULL
174,2025-06-23,320,NULL,NULL
175,2025-06-24,250,NULL,NULL
176,2025-06-25,320,NULL,NULL
177,2025-06-26,320,NULL,NULL
178,2025-06-27,150,NULL,NULL
179,2025-06-28,150,NULL,NULL
180,2025-06-29,250,NULL,NULL
181,2025-01-01,150,NULL,NULL
182,2025-01-02,300,NULL,NULL
183,2025-01-03,150,NULL,NULL
184,2025-01-04,150,NULL,NULL
185,2025-01-05,150,NULL,NULL
186,2025-01-06,250,NULL,NULL
187,2025-01-07,320,NULL,NULL
188,2025-01-08,150,NULL,NULL
189,2025-01-09,300,NULL,NULL
190,2025-01-10,300,NULL,NULL
191,2025-01-11,150,NULL,NULL
192,2025-01-12,300,NULL,NULL
193,2025-01-13,250,NULL,NULL
194,2025-01-14,250,NULL,NULL
195,2025-01-15,250,NULL,NULL
196,2025-01-16,150,NULL,NULL
197,2025-01-17,300,NULL,NULL
198,2025-01-18,150,NULL,NULL
199,2025-01-19,320,NULL,NULL
200,2025-01-20,250,NULL,NULL
201,2025-01-21,300,NULL,NULL
202,2025-01-22,320,NULL,NULL
203,2025-01-23,250,NULL,NULL
204,2025-01-24,150,NULL,NULL
205,2025-01-25,300,NULL,NULL
206,2025-01-26,250,NULL,NULL
207,2025-01-27,150,NULL,NULL
208,2025-01-28,150,NULL,NULL
209,2025-01-29,250,NULL,NULL
210,2025-01-30,320,NULL,NULL
211,2025-01-31,320,NULL,NULL
212,2025-02-01,150,NULL,NULL
213,2025-02-02,150,NULL,NULL
214,2025-02-03,300,NULL,NULL
215,2025-02-04,150,NULL,NULL
216,2025-02-05,320,NULL,NULL
217,2025-02-06,250,NULL,NULL
218,2025-02-07,250,NULL,NULL
219,2025-02-08,320,NULL,NULL
220,2025-02-09,250,NULL,NULL
221,2025-02-10,320,NULL,NULL
222,2025-02-11,300,NULL,NULL
223,2025-02-12,300,NULL,NULL
224,2025-02-13,300,NULL,NULL
225,2025-02-14,320,NULL,NULL
226,2025-02-15,320,NULL,NULL
227,2025-02-16,320,NULL,NULL
228,2025-02-17,150,NULL,NULL
229,2025-02-18,150,NULL,NULL
230,2025-02-19,150,NULL,NULL
231,2025-02-20,150,NULL,NULL
232,2025-02-21,150,NULL,NULL
233,2025-02-22,150,NULL,NULL
234,2025-02-23,150,NULL,NULL
235,2025-02-24,300,NULL,NULL
236,2025-02-25,250,NULL,NULL
237,2025-02-26,300,NULL,NULL
238,2025-02-27,150,NULL,NULL
239,2025-02-28,150,NULL,NULL
240,2025-03-01,150,NULL,NULL
241,2025-03-02,150,NULL,NULL
242,2025-03-03,300,NULL,NULL
243,2025-03-04,320,NULL,NULL
244,2025-03-05,320,NULL,NULL
245,2025-03-06,300,NULL,NULL
246,2025-03-07,300,NULL,NULL
247,2025-03-08,320,NULL,NULL
248,2025-03-09,150,NULL,NULL
249,2025-03-10,150,NULL,NULL
250,2025-03-11,250,NULL,NULL
251,2025-03-12,250,NULL,NULL
252,2025-03-13,150,NULL,NULL
253,2025-03-14,300,NULL,NULL
254,2025-03-15,320,NULL,NULL
255,2025-03-16,250,NULL,NULL
256,2025-03-17,150,NULL,NULL
257,2025-03-18,250,NULL,NULL
258,2025-03-19,250,NULL,NULL
259,2025-03-20,320,NULL,NULL
260,2025-03-21,250,NULL,NULL
261,2025-03-22,300,NULL,NULL
262,2025-03-23,300,NULL,NULL
263,2025-03-24,150,NULL,NULL
264,2025-03-25,300,NULL,NULL
265,2025-03-26,250,NULL,NULL
266,2025-03-27,300,NULL,NULL
267,2025-03-28,250,NULL,NULL
268,2025-03-29,300,NULL,NULL
269,2025-03-30,300,NULL,NULL
270,2025-03-31,320,NULL,NULL
271,2025-04-01,250,NULL,NULL
272,2025-04-02,320,NULL,NULL
273,2025-04-03,250,NULL,NULL
274,2025-04-04,300,NULL,NULL
275,2025-04-05,250,NULL,NULL
276,2025-04-06,250,NULL,NULL
277,2025-04-07,320,NULL,NULL
278,2025-04-08,320,NULL,NULL
279,2025-04-09,250,NULL,NULL
280,2025-04-10,320,NULL,NULL
281,2025-04-11,250,NULL,NULL
282,2025-04-12,150,NULL,NULL
283,2025-04-13,250,NULL,NULL
284,2025-04-14,300,NULL,NULL
285,2025-04-15,300,NULL,NULL
286,2025-04-16,150,NULL,NULL
287,2025-04-17,300,NULL,NULL
288,2025-04-18,250,NULL,NULL
289,2025-04-19,150,NULL,NULL
290,2025-04-20,300,NULL,NULL
291,2025-04-21,300,NULL,NULL
292,2025-04-22,300,NULL,NULL
293,2025-04-23,150,NULL,NULL
294,2025-04-24,320,NULL,NULL
295,2025-04-25,300,NULL,NULL
296,2025-04-26,250,NULL,NULL
297,2025-04-27,150,NULL,NULL
298,2025-04-28,320,NULL,NULL
299,2025-04-29,250,NULL,NULL
300,2025-04-30,250,NULL,NULL
301,2025-05-01,320,NULL,NULL
302,2025-05-02,150,NULL,NULL
303,2025-05-03,300,NULL,NULL
304,2025-05-04,300,NULL,NULL
305,2025-05-05,150,NULL,NULL
306,2025-05-06,300,NULL,NULL
307,2025-05-07,150,NULL,NULL
308,2025-05-08,250,NULL,NULL
309,2025-05-09,250,NULL,NULL
310,2025-05-10,250,NULL,NULL
311,2025-05-11,150,NULL,NULL
312,2025-05-12,320,NULL,NULL
313,2025-05-13,150,NULL,NULL
314,2025-05-14,250,NULL,NULL
315,2025-05-15,150,NULL,NULL
316,2025-05-16,320,NULL,NULL
317,2025-05-17,150,NULL,NULL
318,2025-05-18,300,NULL,NULL
319,2025-05-19,300,NULL,NULL
320,2025-05-20,150,NULL,NULL
321,2025-05-21,320,NULL,NULL
322,2025-05-22,300,NULL,NULL
323,2025-05-23,250,NULL,NULL
324,2025-05-24,320,NULL,NULL
325,2025-05-25,250,NULL,NULL
326,2025-05-26,300,NULL,NULL
327,2025-05-27,250,NULL,NULL
328,2025-05-28,300,NULL,NULL
329,2025-05-29,320,NULL,NULL
330,2025-05-30,300,NULL,NULL
331,2025-05-31,320,NULL,NULL
332,2025-06-01,250,NULL,NULL
333,2025-06-02,320,NULL,NULL
334,2025-06-03,150,NULL,NULL
335,2025-06-04,150,NULL,NULL
336,2025-06-05,320,NULL,NULL
337,2025-06-06,250,NULL,NULL
338,2025-06-07,320,NULL,NULL
339,2025-06-08,300,NULL,NULL
340,2025-06-09,300,NULL,NULL
341,2025-06-10,150,NULL,NULL
342,2025-06-11,300,NULL,NULL
343,2025-06-12,320,NULL,NULL
344,2025-06-13,250,NULL,NULL
345,2025-06-14,250,NULL,NULL
346,2025-06-15,300,NULL,NULL
347,2025-06-16,320,NULL,NULL
348,2025-06-17,250,NULL,NULL
349,2025-06-18,250,NULL,NULL
350,2025-06-19,300,NULL,NULL
351,2025-06-20,300,NULL,NULL
352,2025-06-21,150,NULL,NULL
353,2025-06-22,320,NULL,NULL
354,2025-06-23,250,NULL,NULL
355,2025-06-24,250,NULL,NULL
356,2025-06-25,250,NULL,NULL
357,2025-06-26,250,NULL,NULL
358,2025-06-27,320,NULL,NULL
359,2025-06-28,320,NULL,NULL
360,2025-06-29,250,NULL,NULL
361,2025-01-01,300,NULL,NULL
362,2025-01-02,150,NULL,NULL
363,2025-01-03,300,NULL,NULL
364,2025-01-04,300,NULL,NULL
365,2025-01-05,150,NULL,NULL
366,2025-01-06,320,NULL,NULL
367,2025-01-07,150,NULL,NULL
368,2025-01-08,300,NULL,NULL
369,2025-01-09,320,NULL,NULL
370,2025-01-10,320,NULL,NULL
371,2025-01-11,300,NULL,NULL
372,2025-01-12,150,NULL,NULL
373,2025-01-13,320,NULL,NULL
374,2025-01-14,250,NULL,NULL
375,2025-01-15,300,NULL,NULL
376,2025-01-16,250,NULL,NULL
377,2025-01-17,300,NULL,NULL
378,2025-01-18,250,NULL,NULL
379,2025-01-19,320,NULL,NULL
380,2025-01-20,320,NULL,NULL
381,2025-01-21,150,NULL,NULL
382,2025-01-22,250,NULL,NULL
383,2025-01-23,320,NULL,NULL
384,2025-01-24,150,NULL,NULL
385,2025-01-25,300,NULL,NULL
386,2025-01-26,250,NULL,NULL
387,2025-01-27,300,NULL,NULL
388,2025-01-28,150,NULL,NULL
389,2025-01-29,150,NULL,NULL
390,2025-01-30,250,NULL,NULL
391,2025-01-31,250,NULL,NULL
392,2025-02-01,150,NULL,NULL
393,2025-02-02,150,NULL,NULL
394,2025-02-03,250,NULL,NULL
395,2025-02-04,250,NULL,NULL
396,2025-02-05,300,NULL,NULL
397,2025-02-06,150,NULL,NULL
398,2025-02-07,300,NULL,NULL
399,2025-02-08,300,NULL,NULL
400,2025-02-09,250,NULL,NULL
401,2025-02-10,250,NULL,NULL
402,2025-02-11,320,NULL,NULL
403,2025-02-12,300,NULL,NULL
404,2025-02-13,320,NULL,NULL
405,2025-02-14,300,NULL,NULL
406,2025-02-15,320,NULL,NULL
407,2025-02-16,250,NULL,NULL
408,2025-02-17,300,NULL,NULL
409,2025-02-18,300,NULL,NULL
410,2025-02-19,300,NULL,NULL
411,2025-02-20,300,NULL,NULL
412,2025-02-21,150,NULL,NULL
413,2025-02-22,150,NULL,NULL
414,2025-02-23,250,NULL,NULL
415,2025-02-24,250,NULL,NULL
416,2025-02-25,250,NULL,NULL
417,2025-02-26,150,NULL,NULL
418,2025-02-27,320,NULL,NULL
419,2025-02-28,300,NULL,NULL
420,2025-03-01,320,NULL,NULL
421,2025-03-02,300,NULL,NULL
422,2025-03-03,250,NULL,NULL
423,2025-03-04,250,NULL,NULL
424,2025-03-05,320,NULL,NULL
425,2025-03-06,150,NULL,NULL
426,2025-03-07,250,NULL,NULL
427,2025-03-08,320,NULL,NULL
428,2025-03-09,320,NULL,NULL
429,2025-03-10,150,NULL,NULL
430,2025-03-11,320,NULL,NULL
431,2025-03-12,250,NULL,NULL
432,2025-03-13,250,NULL,NULL
433,2025-03-14,300,NULL,NULL
434,2025-03-15,300,NULL,NULL
435,2025-03-16,300,NULL,NULL
436,2025-03-17,300,NULL,NULL
437,2025-03-18,320,NULL,NULL
438,2025-03-19,250,NULL,NULL
439,2025-03-20,150,NULL,NULL
440,2025-03-21,320,NULL,NULL
441,2025-03-22,150,NULL,NULL
442,2025-03-23,150,NULL,NULL
443,2025-03-24,150,NULL,NULL
444,2025-03-25,250,NULL,NULL
445,2025-03-26,150,NULL,NULL
446,2025-03-27,150,NULL,NULL
447,2025-03-28,300,NULL,NULL
448,2025-03-29,150,NULL,NULL
449,2025-03-30,300,NULL,NULL
450,2025-03-31,320,NULL,NULL
451,2025-04-01,250,NULL,NULL
452,2025-04-02,320,NULL,NULL
453,2025-04-03,150,NULL,NULL
454,2025-04-04,250,NULL,NULL
455,2025-04-05,150,NULL,NULL
456,2025-04-06,250,NULL,NULL
457,2025-04-07,150,NULL,NULL
458,2025-04-08,150,NULL,NULL
459,2025-04-09,150,NULL,NULL
460,2025-04-10,150,NULL,NULL
461,2025-04-11,320,NULL,NULL
462,2025-04-12,320,NULL,NULL
463,2025-04-13,300,NULL,NULL
464,2025-04-14,300,NULL,NULL
465,2025-04-15,320,NULL,NULL
466,2025-04-16,320,NULL,NULL
467,2025-04-17,320,NULL,NULL
468,2025-04-18,320,NULL,NULL
469,2025-04-19,150,NULL,NULL
470,2025-04-20,320,NULL,NULL
471,2025-04-21,250,NULL,NULL
472,2025-04-22,150,NULL,NULL
473,2025-04-23,250,NULL,NULL
474,2025-04-24,300,NULL,NULL
475,2025-04-25,150,NULL,NULL
476,2025-04-26,250,NULL,NULL
477,2025-04-27,250,NULL,NULL
478,2025-04-28,150,NULL,NULL
479,2025-04-29,320,NULL,NULL
480,2025-04-30,250,NULL,NULL
481,2025-05-01,320,NULL,NULL
482,2025-05-02,250,NULL,NULL
483,2025-05-03,300,NULL,NULL
484,2025-05-04,150,NULL,NULL
485,2025-05-05,320,NULL,NULL
486,2025-05-06,250,NULL,NULL
487,2025-05-07,150,NULL,NULL
488,2025-05-08,250,NULL,NULL
489,2025-05-09,150,NULL,NULL
490,2025-05-10,300,NULL,NULL
491,2025-05-11,150,NULL,NULL
492,2025-05-12,250,NULL,NULL
493,2025-05-13,250,NULL,NULL
494,2025-05-14,150,NULL,NULL
495,2025-05-15,300,NULL,NULL
496,2025-05-16,250,NULL,NULL
497,2025-05-17,250,NULL,NULL
498,2025-05-18,250,NULL,NULL
499,2025-05-19,150,NULL,NULL
500,2025-05-20,250,NULL,NULL
501,2025-05-21,320,NULL,NULL
502,2025-05-22,250,NULL,NULL
503,2025-05-23,150,NULL,NULL
504,2025-05-24,250,NULL,NULL
505,2025-05-25,320,NULL,NULL
506,2025-05-26,300,NULL,NULL
507,2025-05-27,150,NULL,NULL
508,2025-05-28,320,NULL,NULL
509,2025-05-29,150,NULL,NULL
510,2025-05-30,300,NULL,NULL
511,2025-05-31,320,NULL,NULL
512,2025-06-01,320,NULL,NULL
513,2025-06-02,250,NULL,NULL
514,2025-06-03,150,NULL,NULL
515,2025-06-04,300,NULL,NULL
516,2025-06-05,300,NULL,NULL
517,2025-06-06,250,NULL,NULL
518,2025-06-07,150,NULL,NULL
519,2025-06-08,250,NULL,NULL
520,2025-06-09,320,NULL,NULL
521,2025-06-10,250,NULL,NULL
522,2025-06-11,300,NULL,NULL
523,2025-06-12,250,NULL,NULL
524,2025-06-13,320,NULL,NULL
525,2025-06-14,250,NULL,NULL
526,2025-06-15,320,NULL,NULL
527,2025-06-16,150,NULL,NULL
528,2025-06-17,320,NULL,NULL
529,2025-06-18,150,NULL,NULL
530,2025-06-19,300,NULL,NULL
531,2025-06-20,250,NULL,NULL
532,2025-06-21,150,NULL,NULL
533,2025-06-22,320,NULL,NULL
534,2025-06-23,320,NULL,NULL
535,2025-06-24,150,NULL,NULL
536,2025-06-25,250,NULL,NULL
537,2025-06-26,320,NULL,NULL
538,2025-06-27,320,NULL,NULL
539,2025-06-28,150,NULL,NULL
540,2025-06-29,150,NULL,NULL
541,2025-01-01,320,NULL,NULL
542,2025-01-02,300,NULL,NULL
543,2025-01-03,300,NULL,NULL
544,2025-01-04,150,NULL,NULL
545,2025-01-05,320,NULL,NULL
546,2025-01-06,320,NULL,NULL
547,2025-01-07,150,NULL,NULL
548,2025-01-08,150,NULL,NULL
549,2025-01-09,250,NULL,NULL
550,2025-01-10,320,NULL,NULL
551,2025-01-11,250,NULL,NULL
552,2025-01-12,150,NULL,NULL
553,2025-01-13,320,NULL,NULL
554,2025-01-14,150,NULL,NULL
555,2025-01-15,250,NULL,NULL
556,2025-01-16,150,NULL,NULL
557,2025-01-17,300,NULL,NULL
558,2025-01-18,300,NULL,NULL
559,2025-01-19,150,NULL,NULL
560,2025-01-20,300,NULL,NULL
561,2025-01-21,250,NULL,NULL
562,2025-01-22,320,NULL,NULL
563,2025-01-23,320,NULL,NULL
564,2025-01-24,250,NULL,NULL
565,2025-01-25,250,NULL,NULL
566,2025-01-26,150,NULL,NULL
567,2025-01-27,150,NULL,NULL
568,2025-01-28,300,NULL,NULL
569,2025-01-29,250,NULL,NULL
570,2025-01-30,300,NULL,NULL
571,2025-01-31,300,NULL,NULL
572,2025-02-01,300,NULL,NULL
573,2025-02-02,250,NULL,NULL
574,2025-02-03,300,NULL,NULL
575,2025-02-04,150,NULL,NULL
576,2025-02-05,300,NULL,NULL
577,2025-02-06,300,NULL,NULL
578,2025-02-07,320,NULL,NULL
579,2025-02-08,150,NULL,NULL
580,2025-02-09,250,NULL,NULL
581,2025-02-10,300,NULL,NULL
582,2025-02-11,150,NULL,NULL
583,2025-02-12,300,NULL,NULL
584,2025-02-13,320,NULL,NULL
585,2025-02-14,320,NULL,NULL
586,2025-02-15,150,NULL,NULL
587,2025-02-16,150,NULL,NULL
588,2025-02-17,320,NULL,NULL
589,2025-02-18,300,NULL,NULL
590,2025-02-19,150,NULL,NULL
591,2025-02-20,320,NULL,NULL
592,2025-02-21,300,NULL,NULL
593,2025-02-22,250,NULL,NULL
594,2025-02-23,150,NULL,NULL
595,2025-02-24,150,NULL,NULL
596,2025-02-25,320,NULL,NULL
597,2025-02-26,250,NULL,NULL
598,2025-02-27,150,NULL,NULL
599,2025-02-28,320,NULL,NULL
600,2025-03-01,250,NULL,NULL
601,2025-03-02,150,NULL,NULL
602,2025-03-03,250,NULL,NULL
603,2025-03-04,300,NULL,NULL
604,2025-03-05,300,NULL,NULL
605,2025-03-06,320,NULL,NULL
606,2025-03-07,250,NULL,NULL
607,2025-03-08,150,NULL,NULL
608,2025-03-09,250,NULL,NULL
609,2025-03-10,300,NULL,NULL
610,2025-03-11,320,NULL,NULL
611,2025-03-12,300,NULL,NULL
612,2025-03-13,250,NULL,NULL
613,2025-03-14,150,NULL,NULL
614,2025-03-15,150,NULL,NULL
615,2025-03-16,150,NULL,NULL
616,2025-03-17,250,NULL,NULL
617,2025-03-18,320,NULL,NULL
618,2025-03-19,250,NULL,NULL
619,2025-03-20,300,NULL,NULL
620,2025-03-21,250,NULL,NULL
621,2025-03-22,300,NULL,NULL
622,2025-03-23,250,NULL,NULL
623,2025-03-24,250,NULL,NULL
624,2025-03-25,300,NULL,NULL
625,2025-03-26,320,NULL,NULL
626,2025-03-27,150,NULL,NULL
627,2025-03-28,300,NULL,NULL
628,2025-03-29,320,NULL,NULL
629,2025-03-30,320,NULL,NULL
630,2025-03-31,150,NULL,NULL
631,2025-04-01,150,NULL,NULL
632,2025-04-02,250,NULL,NULL
633,2025-04-03,320,NULL,NULL
634,2025-04-04,320,NULL,NULL
635,2025-04-05,300,NULL,NULL
636,2025-04-06,250,NULL,NULL
637,2025-04-07,150,NULL,NULL
638,2025-04-08,150,NULL,NULL
639,2025-04-09,300,NULL,NULL
640,2025-04-10,300,NULL,NULL
641,2025-04-11,150,NULL,NULL
642,2025-04-12,250,NULL,NULL
643,2025-04-13,300,NULL,NULL
644,2025-04-14,150,NULL,NULL
645,2025-04-15,150,NULL,NULL
646,2025-04-16,300,NULL,NULL
647,2025-04-17,300,NULL,NULL
648,2025-04-18,150,NULL,NULL
649,2025-04-19,250,NULL,NULL
650,2025-04-20,300,NULL,NULL
651,2025-04-21,300,NULL,NULL
652,2025-04-22,320,NULL,NULL
653,2025-04-23,250,NULL,NULL
654,2025-04-24,320,NULL,NULL
655,2025-04-25,300,NULL,NULL
656,2025-04-26,150,NULL,NULL
657,2025-04-27,250,NULL,NULL
658,2025-04-28,250,NULL,NULL
659,2025-04-29,250,NULL,NULL
660,2025-04-30,250,NULL,NULL
661,2025-05-01,300,NULL,NULL
662,2025-05-02,320,NULL,NULL
663,2025-05-03,320,NULL,NULL
664,2025-05-04,320,NULL,NULL
665,2025-05-05,300,NULL,NULL
666,2025-05-06,250,NULL,NULL
667,2025-05-07,250,NULL,NULL
668,2025-05-08,320,NULL,NULL
669,2025-05-09,320,NULL,NULL
670,2025-05-10,300,NULL,NULL
671,2025-05-11,150,NULL,NULL
672,2025-05-12,250,NULL,NULL
673,2025-05-13,150,NULL,NULL
674,2025-05-14,320,NULL,NULL
675,2025-05-15,250,NULL,NULL
676,2025-05-16,150,NULL,NULL
677,2025-05-17,300,NULL,NULL
678,2025-05-18,320,NULL,NULL
679,2025-05-19,320,NULL,NULL
680,2025-05-20,150,NULL,NULL
681,2025-05-21,300,NULL,NULL
682,2025-05-22,250,NULL,NULL
683,2025-05-23,320,NULL,NULL
684,2025-05-24,150,NULL,NULL
685,2025-05-25,250,NULL,NULL
686,2025-05-26,320,NULL,NULL
687,2025-05-27,320,NULL,NULL
688,2025-05-28,150,NULL,NULL
689,2025-05-29,150,NULL,NULL
690,2025-05-30,150,NULL,NULL
691,2025-05-31,320,NULL,NULL
692,2025-06-01,250,NULL,NULL
693,2025-06-02,250,NULL,NULL
694,2025-06-03,320,NULL,NULL
695,2025-06-04,320,NULL,NULL
696,2025-06-05,250,NULL,NULL
697,2025-06-06,150,NULL,NULL
698,2025-06-07,320,NULL,NULL
699,2025-06-08,250,NULL,NULL
700,2025-06-09,250,NULL,NULL
701,2025-06-10,250,NULL,NULL
702,2025-06-11,320,NULL,NULL
703,2025-06-12,250,NULL,NULL
704,2025-06-13,250,NULL,NULL
705,2025-06-14,150,NULL,NULL
706,2025-06-15,250,NULL,NULL
707,2025-06-16,150,NULL,NULL
708,2025-06-17,320,NULL,NULL
709,2025-06-18,150,NULL,NULL
710,2025-06-19,250,NULL,NULL
711,2025-06-20,250,NULL,NULL
712,2025-06-21,300,NULL,NULL
713,2025-06-22,300,NULL,NULL
714,2025-06-23,150,NULL,NULL
715,2025-06-24,150,NULL,NULL
716,2025-06-25,250,NULL,NULL
717,2025-06-26,300,NULL,NULL
718,2025-06-27,150,NULL,NULL
719,2025-06-28,320,NULL,NULL
720,2025-06-29,150,NULL,NULL
721,2025-01-01,150,NULL,NULL
722,2025-01-02,250,NULL,NULL
723,2025-01-03,250,NULL,NULL
724,2025-01-04,300,NULL,NULL
725,2025-01-05,320,NULL,NULL
726,2025-01-06,320,NULL,NULL
727,2025-01-07,320,NULL,NULL
728,2025-01-08,300,NULL,NULL
729,2025-01-09,250,NULL,NULL
730,2025-01-10,150,NULL,NULL
731,2025-01-11,150,NULL,NULL
732,2025-01-12,250,NULL,NULL
733,2025-01-13,250,NULL,NULL
734,2025-01-14,250,NULL,NULL
735,2025-01-15,320,NULL,NULL
736,2025-01-16,300,NULL,NULL
737,2025-01-17,300,NULL,NULL
738,2025-01-18,300,NULL,NULL
739,2025-01-19,320,NULL,NULL
740,2025-01-20,150,NULL,NULL
741,2025-01-21,300,NULL,NULL
742,2025-01-22,150,NULL,NULL
743,2025-01-23,300,NULL,NULL
744,2025-01-24,250,NULL,NULL
745,2025-01-25,150,NULL,NULL
746,2025-01-26,150,NULL,NULL
747,2025-01-27,250,NULL,NULL
748,2025-01-28,320,NULL,NULL
749,2025-01-29,320,NULL,NULL
750,2025-01-30,300,NULL,NULL
751,2025-01-31,300,NULL,NULL
752,2025-02-01,250,NULL,NULL
753,2025-02-02,150,NULL,NULL
754,2025-02-03,150,NULL,NULL
755,2025-02-04,300,NULL,NULL
756,2025-02-05,250,NULL,NULL
757,2025-02-06,300,NULL,NULL
758,2025-02-07,300,NULL,NULL
759,2025-02-08,300,NULL,NULL
760,2025-02-09,150,NULL,NULL
761,2025-02-10,150,NULL,NULL
762,2025-02-11,320,NULL,NULL
763,2025-02-12,320,NULL,NULL
764,2025-02-13,300,NULL,NULL
765,2025-02-14,300,NULL,NULL
766,2025-02-15,250,NULL,NULL
767,2025-02-16,320,NULL,NULL
768,2025-02-17,300,NULL,NULL
769,2025-02-18,150,NULL,NULL
770,2025-02-19,150,NULL,NULL
771,2025-02-20,320,NULL,NULL
772,2025-02-21,150,NULL,NULL
773,2025-02-22,150,NULL,NULL
774,2025-02-23,300,NULL,NULL
775,2025-02-24,250,NULL,NULL
776,2025-02-25,320,NULL,NULL
777,2025-02-26,150,NULL,NULL
778,2025-02-27,320,NULL,NULL
779,2025-02-28,150,NULL,NULL
780,2025-03-01,250,NULL,NULL
781,2025-03-02,250,NULL,NULL
782,2025-03-03,250,NULL,NULL
783,2025-03-04,250,NULL,NULL
784,2025-03-05,250,NULL,NULL
785,2025-03-06,150,NULL,NULL
786,2025-03-07,250,NULL,NULL
787,2025-03-08,250,NULL,NULL
788,2025-03-09,320,NULL,NULL
789,2025-03-10,250,NULL,NULL
790,2025-03-11,300,NULL,NULL
791,2025-03-12,150,NULL,NULL
792,2025-03-13,320,NULL,NULL
793,2025-03-14,320,NULL,NULL
794,2025-03-15,250,NULL,NULL
795,2025-03-16,150,NULL,NULL
796,2025-03-17,300,NULL,NULL
797,2025-03-18,320,NULL,NULL
798,2025-03-19,300,NULL,NULL
799,2025-03-20,320,NULL,NULL
800,2025-03-21,150,NULL,NULL
801,2025-03-22,300,NULL,NULL
802,2025-03-23,250,NULL,NULL
803,2025-03-24,150,NULL,NULL
804,2025-03-25,250,NULL,NULL
805,2025-03-26,300,NULL,NULL
806,2025-03-27,250,NULL,NULL
807,2025-03-28,300,NULL,NULL
808,2025-03-29,150,NULL,NULL
809,2025-03-30,300,NULL,NULL
810,2025-03-31,320,NULL,NULL
811,2025-04-01,250,NULL,NULL
812,2025-04-02,300,NULL,NULL
813,2025-04-03,320,NULL,NULL
814,2025-04-04,300,NULL,NULL
815,2025-04-05,250,NULL,NULL
816,2025-04-06,320,NULL,NULL
817,2025-04-07,300,NULL,NULL
818,2025-04-08,150,NULL,NULL
819,2025-04-09,320,NULL,NULL
820,2025-04-10,300,NULL,NULL
821,2025-04-11,320,NULL,NULL
822,2025-04-12,300,NULL,NULL
823,2025-04-13,320,NULL,NULL
824,2025-04-14,250,NULL,NULL
825,2025-04-15,250,NULL,NULL
826,2025-04-16,250,NULL,NULL
827,2025-04-17,150,NULL,NULL
828,2025-04-18,320,NULL,NULL
829,2025-04-19,300,NULL,NULL
830,2025-04-20,300,NULL,NULL
831,2025-04-21,250,NULL,NULL
832,2025-04-22,320,NULL,NULL
833,2025-04-23,150,NULL,NULL
834,2025-04-24,250,NULL,NULL
835,2025-04-25,320,NULL,NULL
836,2025-04-26,300,NULL,NULL
837,2025-04-27,320,NULL,NULL
838,2025-04-28,320,NULL,NULL
839,2025-04-29,300,NULL,NULL
840,2025-04-30,300,NULL,NULL
841,2025-05-01,250,NULL,NULL
842,2025-05-02,320,NULL,NULL
843,2025-05-03,150,NULL,NULL
844,2025-05-04,320,NULL,NULL
845,2025-05-05,250,NULL,NULL
846,2025-05-06,250,NULL,NULL
847,2025-05-07,150,NULL,NULL
848,2025-05-08,250,NULL,NULL
849,2025-05-09,150,NULL,NULL
850,2025-05-10,150,NULL,NULL
851,2025-05-11,150,NULL,NULL
852,2025-05-12,300,NULL,NULL
853,2025-05-13,320,NULL,NULL
854,2025-05-14,320,NULL,NULL
855,2025-05-15,250,NULL,NULL
856,2025-05-16,320,NULL,NULL
857,2025-05-17,300,NULL,NULL
858,2025-05-18,320,NULL,NULL
859,2025-05-19,150,NULL,NULL
860,2025-05-20,320,NULL,NULL
861,2025-05-21,320,NULL,NULL
862,2025-05-22,250,NULL,NULL
863,2025-05-23,250,NULL,NULL
864,2025-05-24,300,NULL,NULL
865,2025-05-25,250,NULL,NULL
866,2025-05-26,150,NULL,NULL
867,2025-05-27,150,NULL,NULL
868,2025-05-28,150,NULL,NULL
869,2025-05-29,300,NULL,NULL
870,2025-05-30,320,NULL,NULL
871,2025-05-31,300,NULL,NULL
872,2025-06-01,300,NULL,NULL
873,2025-06-02,250,NULL,NULL
874,2025-06-03,320,NULL,NULL
875,2025-06-04,300,NULL,NULL
876,2025-06-05,250,NULL,NULL
877,2025-06-06,300,NULL,NULL
878,2025-06-07,300,NULL,NULL
879,2025-06-08,250,NULL,NULL
880,2025-06-09,300,NULL,NULL
881,2025-06-10,300,NULL,NULL
882,2025-06-11,150,NULL,NULL
883,2025-06-12,300,NULL,NULL
884,2025-06-13,320,NULL,NULL
885,2025-06-14,250,NULL,NULL
886,2025-06-15,250,NULL,NULL
887,2025-06-16,320,NULL,NULL
888,2025-06-17,250,NULL,NULL
889,2025-06-18,250,NULL,NULL
890,2025-06-19,300,NULL,NULL
891,2025-06-20,320,NULL,NULL
892,2025-06-21,320,NULL,NULL
893,2025-06-22,150,NULL,NULL
894,2025-06-23,300,NULL,NULL
895,2025-06-24,150,NULL,NULL
896,2025-06-25,300,NULL,NULL
897,2025-06-26,250,NULL,NULL
898,2025-06-27,250,NULL,NULL
899,2025-06-28,320,NULL,NULL
900,2025-06-29,150,NULL,NULL
901,2025-01-01,320,NULL,NULL
902,2025-01-02,150,NULL,NULL
903,2025-01-03,150,NULL,NULL
904,2025-01-04,150,NULL,NULL
905,2025-01-05,300,NULL,NULL
906,2025-01-06,320,NULL,NULL
907,2025-01-07,320,NULL,NULL
908,2025-01-08,150,NULL,NULL
909,2025-01-09,250,NULL,NULL
910,2025-01-10,320,NULL,NULL
911,2025-01-11,300,NULL,NULL
912,2025-01-12,250,NULL,NULL
913,2025-01-13,150,NULL,NULL
914,2025-01-14,250,NULL,NULL
915,2025-01-15,320,NULL,NULL
916,2025-01-16,150,NULL,NULL
917,2025-01-17,300,NULL,NULL
918,2025-01-18,250,NULL,NULL
919,2025-01-19,150,NULL,NULL
920,2025-01-20,150,NULL,NULL
921,2025-01-21,150,NULL,NULL
922,2025-01-22,320,NULL,NULL
923,2025-01-23,150,NULL,NULL
924,2025-01-24,320,NULL,NULL
925,2025-01-25,300,NULL,NULL
926,2025-01-26,150,NULL,NULL
927,2025-01-27,300,NULL,NULL
928,2025-01-28,320,NULL,NULL
929,2025-01-29,150,NULL,NULL
930,2025-01-30,320,NULL,NULL
931,2025-01-31,150,NULL,NULL
932,2025-02-01,300,NULL,NULL
933,2025-02-02,250,NULL,NULL
934,2025-02-03,300,NULL,NULL
935,2025-02-04,250,NULL,NULL
936,2025-02-05,150,NULL,NULL
937,2025-02-06,150,NULL,NULL
938,2025-02-07,250,NULL,NULL
939,2025-02-08,150,NULL,NULL
940,2025-02-09,150,NULL,NULL
941,2025-02-10,320,NULL,NULL
942,2025-02-11,320,NULL,NULL
943,2025-02-12,320,NULL,NULL
944,2025-02-13,250,NULL,NULL
945,2025-02-14,250,NULL,NULL
946,2025-02-15,320,NULL,NULL
947,2025-02-16,250,NULL,NULL
948,2025-02-17,250,NULL,NULL
949,2025-02-18,250,NULL,NULL
950,2025-02-19,320,NULL,NULL
951,2025-02-20,150,NULL,NULL
952,2025-02-21,150,NULL,NULL
953,2025-02-22,300,NULL,NULL
954,2025-02-23,300,NULL,NULL
955,2025-02-24,150,NULL,NULL
956,2025-02-25,300,NULL,NULL
957,2025-02-26,250,NULL,NULL
958,2025-02-27,250,NULL,NULL
959,2025-02-28,320,NULL,NULL
960,2025-03-01,250,NULL,NULL
961,2025-03-02,300,NULL,NULL
962,2025-03-03,250,NULL,NULL
963,2025-03-04,250,NULL,NULL
964,2025-03-05,320,NULL,NULL
965,2025-03-06,250,NULL,NULL
966,2025-03-07,300,NULL,NULL
967,2025-03-08,300,NULL,NULL
968,2025-03-09,250,NULL,NULL
969,2025-03-10,150,NULL,NULL
970,2025-03-11,150,NULL,NULL
971,2025-03-12,300,NULL,NULL
972,2025-03-13,250,NULL,NULL
973,2025-03-14,320,NULL,NULL
974,2025-03-15,300,NULL,NULL
975,2025-03-16,250,NULL,NULL
976,2025-03-17,150,NULL,NULL
977,2025-03-18,250,NULL,NULL
978,2025-03-19,250,NULL,NULL
979,2025-03-20,150,NULL,NULL
980,2025-03-21,250,NULL,NULL
981,2025-03-22,300,NULL,NULL
982,2025-03-23,250,NULL,NULL
983,2025-03-24,320,NULL,NULL
984,2025-03-25,250,NULL,NULL
985,2025-03-26,150,NULL,NULL
986,2025-03-27,300,NULL,NULL
987,2025-03-28,300,NULL,NULL
988,2025-03-29,320,NULL,NULL
989,2025-03-30,250,NULL,NULL
990,2025-03-31,300,NULL,NULL
991,2025-04-01,250,NULL,NULL
992,2025-04-02,150,NULL,NULL
993,2025-04-03,150,NULL,NULL
994,2025-04-04,320,NULL,NULL
995,2025-04-05,250,NULL,NULL
996,2025-04-06,150,NULL,NULL
997,2025-04-07,150,NULL,NULL
998,2025-04-08,250,NULL,NULL
999,2025-04-09,150,NULL,NULL
1000,2025-04-10,300,NULL,NULL
1001,2025-04-11,300,NULL,NULL
1002,2025-04-12,320,NULL,NULL
1003,2025-04-13,250,NULL,NULL
1004,2025-04-14,150,NULL,NULL
1005,2025-04-15,300,NULL,NULL
1006,2025-04-16,320,NULL,NULL
1007,2025-04-17,150,NULL,NULL
1008,2025-04-18,150,NULL,NULL
1009,2025-04-19,150,NULL,NULL
1010,2025-04-20,320,NULL,NULL
1011,2025-04-21,150,NULL,NULL
1012,2025-04-22,250,NULL,NULL
1013,2025-04-23,250,NULL,NULL
1014,2025-04-24,150,NULL,NULL
1015,2025-04-25,150,NULL,NULL
1016,2025-04-26,320,NULL,NULL
1017,2025-04-27,320,NULL,NULL
1018,2025-04-28,250,NULL,NULL
1019,2025-04-29,300,NULL,NULL
1020,2025-04-30,300,NULL,NULL
1021,2025-05-01,150,NULL,NULL
1022,2025-05-02,300,NULL,NULL
1023,2025-05-03,300,NULL,NULL
1024,2025-05-04,150,NULL,NULL
1025,2025-05-05,320,NULL,NULL
1026,2025-05-06,150,NULL,NULL
1027,2025-05-07,320,NULL,NULL
1028,2025-05-08,320,NULL,NULL
1029,2025-05-09,300,NULL,NULL
1030,2025-05-10,320,NULL,NULL
1031,2025-05-11,250,NULL,NULL
1032,2025-05-12,320,NULL,NULL
1033,2025-05-13,300,NULL,NULL
1034,2025-05-14,320,NULL,NULL
1035,2025-05-15,320,NULL,NULL
1036,2025-05-16,150,NULL,NULL
1037,2025-05-17,320,NULL,NULL
1038,2025-05-18,250,NULL,NULL
1039,2025-05-19,250,NULL,NULL
1040,2025-05-20,250,NULL,NULL
1041,2025-05-21,300,NULL,NULL
1042,2025-05-22,300,NULL,NULL
1043,2025-05-23,150,NULL,NULL
1044,2025-05-24,300,NULL,NULL
1045,2025-05-25,320,NULL,NULL
1046,2025-05-26,250,NULL,NULL
1047,2025-05-27,320,NULL,NULL
1048,2025-05-28,300,NULL,NULL
1049,2025-05-29,320,NULL,NULL
1050,2025-05-30,150,NULL,NULL
1051,2025-05-31,150,NULL,NULL
1052,2025-06-01,300,NULL,NULL
1053,2025-06-02,250,NULL,NULL
1054,2025-06-03,300,NULL,NULL
1055,2025-06-04,250,NULL,NULL
1056,2025-06-05,320,NULL,NULL
1057,2025-06-06,320,NULL,NULL
1058,2025-06-07,250,NULL,NULL
1059,2025-06-08,250,NULL,NULL
1060,2025-06-09,300,NULL,NULL
1061,2025-06-10,250,NULL,NULL
1062,2025-06-11,300,NULL,NULL
1063,2025-06-12,150,NULL,NULL
1064,2025-06-13,250,NULL,NULL
1065,2025-06-14,300,NULL,NULL
1066,2025-06-15,320,NULL,NULL
1067,2025-06-16,150,NULL,NULL
1068,2025-06-17,320,NULL,NULL
1069,2025-06-18,150,NULL,NULL
1070,2025-06-19,320,NULL,NULL
1071,2025-06-20,150,NULL,NULL
1072,2025-06-21,250,NULL,NULL
1073,2025-06-22,300,NULL,NULL
1074,2025-06-23,150,NULL,NULL
1075,2025-06-24,250,NULL,NULL
1076,2025-06-25,150,NULL,NULL
1077,2025-06-26,150,NULL,NULL
1078,2025-06-27,250,NULL,NULL
1079,2025-06-28,250,NULL,NULL
1080,2025-06-29,150,NULL,NULL
1081,2025-01-01,150,NULL,NULL
1082,2025-01-02,300,NULL,NULL
1083,2025-01-03,320,NULL,NULL
1084,2025-01-04,300,NULL,NULL
1085,2025-01-05,300,NULL,NULL
1086,2025-01-06,320,NULL,NULL
1087,2025-01-07,320,NULL,NULL
1088,2025-01-08,150,NULL,NULL
1089,2025-01-09,320,NULL,NULL
1090,2025-01-10,150,NULL,NULL
1091,2025-01-11,150,NULL,NULL
1092,2025-01-12,320,NULL,NULL
1093,2025-01-13,150,NULL,NULL
1094,2025-01-14,300,NULL,NULL
1095,2025-01-15,300,NULL,NULL
1096,2025-01-16,320,NULL,NULL
1097,2025-01-17,250,NULL,NULL
1098,2025-01-18,300,NULL,NULL
1099,2025-01-19,150,NULL,NULL
1100,2025-01-20,150,NULL,NULL
1101,2025-01-21,250,NULL,NULL
1102,2025-01-22,150,NULL,NULL
1103,2025-01-23,300,NULL,NULL
1104,2025-01-24,150,NULL,NULL
1105,2025-01-25,150,NULL,NULL
1106,2025-01-26,300,NULL,NULL
1107,2025-01-27,320,NULL,NULL
1108,2025-01-28,300,NULL,NULL
1109,2025-01-29,250,NULL,NULL
1110,2025-01-30,300,NULL,NULL
1111,2025-01-31,320,NULL,NULL
1112,2025-02-01,150,NULL,NULL
1113,2025-02-02,300,NULL,NULL
1114,2025-02-03,300,NULL,NULL
1115,2025-02-04,300,NULL,NULL
1116,2025-02-05,320,NULL,NULL
1117,2025-02-06,150,NULL,NULL
1118,2025-02-07,300,NULL,NULL
1119,2025-02-08,250,NULL,NULL
1120,2025-02-09,320,NULL,NULL
1121,2025-02-10,300,NULL,NULL
1122,2025-02-11,300,NULL,NULL
1123,2025-02-12,150,NULL,NULL
1124,2025-02-13,150,NULL,NULL
1125,2025-02-14,150,NULL,NULL
1126,2025-02-15,320,NULL,NULL
1127,2025-02-16,250,NULL,NULL
1128,2025-02-17,150,NULL,NULL
1129,2025-02-18,150,NULL,NULL
1130,2025-02-19,250,NULL,NULL
1131,2025-02-20,320,NULL,NULL
1132,2025-02-21,150,NULL,NULL
1133,2025-02-22,300,NULL,NULL
1134,2025-02-23,320,NULL,NULL
1135,2025-02-24,150,NULL,NULL
1136,2025-02-25,150,NULL,NULL
1137,2025-02-26,300,NULL,NULL
1138,2025-02-27,320,NULL,NULL
1139,2025-02-28,300,NULL,NULL
1140,2025-03-01,250,NULL,NULL
1141,2025-03-02,250,NULL,NULL
1142,2025-03-03,320,NULL,NULL
1143,2025-03-04,250,NULL,NULL
1144,2025-03-05,320,NULL,NULL
1145,2025-03-06,300,NULL,NULL
1146,2025-03-07,300,NULL,NULL
1147,2025-03-08,320,NULL,NULL
1148,2025-03-09,250,NULL,NULL
1149,2025-03-10,150,NULL,NULL
1150,2025-03-11,150,NULL,NULL
1151,2025-03-12,250,NULL,NULL
1152,2025-03-13,250,NULL,NULL
1153,2025-03-14,320,NULL,NULL
1154,2025-03-15,250,NULL,NULL
1155,2025-03-16,300,NULL,NULL
1156,2025-03-17,150,NULL,NULL
1157,2025-03-18,150,NULL,NULL
1158,2025-03-19,320,NULL,NULL
1159,2025-03-20,300,NULL,NULL
1160,2025-03-21,250,NULL,NULL
1161,2025-03-22,320,NULL,NULL
1162,2025-03-23,300,NULL,NULL
1163,2025-03-24,150,NULL,NULL
1164,2025-03-25,150,NULL,NULL
1165,2025-03-26,300,NULL,NULL
1166,2025-03-27,320,NULL,NULL
1167,2025-03-28,150,NULL,NULL
1168,2025-03-29,150,NULL,NULL
1169,2025-03-30,320,NULL,NULL
1170,2025-03-31,150,NULL,NULL
1171,2025-04-01,320,NULL,NULL
1172,2025-04-02,150,NULL,NULL
1173,2025-04-03,300,NULL,NULL
1174,2025-04-04,320,NULL,NULL
1175,2025-04-05,300,NULL,NULL
1176,2025-04-06,320,NULL,NULL
1177,2025-04-07,150,NULL,NULL
1178,2025-04-08,300,NULL,NULL
1179,2025-04-09,320,NULL,NULL
1180,2025-04-10,300,NULL,NULL
1181,2025-04-11,150,NULL,NULL
1182,2025-04-12,320,NULL,NULL
1183,2025-04-13,300,NULL,NULL
1184,2025-04-14,320,NULL,NULL
1185,2025-04-15,300,NULL,NULL
1186,2025-04-16,250,NULL,NULL
1187,2025-04-17,250,NULL,NULL
1188,2025-04-18,250,NULL,NULL
1189,2025-04-19,300,NULL,NULL
1190,2025-04-20,250,NULL,NULL
1191,2025-04-21,150,NULL,NULL
1192,2025-04-22,250,NULL,NULL
1193,2025-04-23,300,NULL,NULL
1194,2025-04-24,320,NULL,NULL
1195,2025-04-25,300,NULL,NULL
1196,2025-04-26,250,NULL,NULL
1197,2025-04-27,150,NULL,NULL
1198,2025-04-28,250,NULL,NULL
1199,2025-04-29,150,NULL,NULL
1200,2025-04-30,300,NULL,NULL
1201,2025-05-01,300,NULL,NULL
1202,2025-05-02,320,NULL,NULL
1203,2025-05-03,300,NULL,NULL
1204,2025-05-04,300,NULL,NULL
1205,2025-05-05,150,NULL,NULL
1206,2025-05-06,320,NULL,NULL
1207,2025-05-07,150,NULL,NULL
1208,2025-05-08,320,NULL,NULL
1209,2025-05-09,150,NULL,NULL
1210,2025-05-10,150,NULL,NULL
1211,2025-05-11,320,NULL,NULL
1212,2025-05-12,150,NULL,NULL
1213,2025-05-13,300,NULL,NULL
1214,2025-05-14,300,NULL,NULL
1215,2025-05-15,250,NULL,NULL
1216,2025-05-16,320,NULL,NULL
1217,2025-05-17,300,NULL,NULL
1218,2025-05-18,300,NULL,NULL
1219,2025-05-19,300,NULL,NULL
1220,2025-05-20,300,NULL,NULL
1221,2025-05-21,250,NULL,NULL
1222,2025-05-22,150,NULL,NULL
1223,2025-05-23,250,NULL,NULL
1224,2025-05-24,300,NULL,NULL
1225,2025-05-25,250,NULL,NULL
1226,2025-05-26,300,NULL,NULL
1227,2025-05-27,320,NULL,NULL
1228,2025-05-28,250,NULL,NULL
1229,2025-05-29,250,NULL,NULL
1230,2025-05-30,250,NULL,NULL
1231,2025-05-31,250,NULL,NULL
1232,2025-06-01,320,NULL,NULL
1233,2025-06-02,300,NULL,NULL
1234,2025-06-03,250,NULL,NULL
1235,2025-06-04,150,NULL,NULL
1236,2025-06-05,320,NULL,NULL
1237,2025-06-06,250,NULL,NULL
1238,2025-06-07,150,NULL,NULL
1239,2025-06-08,320,NULL,NULL
1240,2025-06-09,150,NULL,NULL
1241,2025-06-10,250,NULL,NULL
1242,2025-06-11,250,NULL,NULL
1243,2025-06-12,250,NULL,NULL
1244,2025-06-13,320,NULL,NULL
1245,2025-06-14,300,NULL,NULL
1246,2025-06-15,320,NULL,NULL
1247,2025-06-16,150,NULL,NULL
1248,2025-06-17,320,NULL,NULL
1249,2025-06-18,250,NULL,NULL
1250,2025-06-19,150,NULL,NULL
1251,2025-06-20,320,NULL,NULL
1252,2025-06-21,150,NULL,NULL
1253,2025-06-22,300,NULL,NULL
1254,2025-06-23,150,NULL,NULL
1255,2025-06-24,250,NULL,NULL
1256,2025-06-25,320,NULL,NULL
1257,2025-06-26,320,NULL,NULL
1258,2025-06-27,150,NULL,NULL
1259,2025-06-28,300,NULL,NULL
1260,2025-06-29,300,NULL,NULL
1261,2025-01-01,250,NULL,NULL
1262,2025-01-02,250,NULL,NULL
1263,2025-01-03,250,NULL,NULL
1264,2025-01-04,250,NULL,NULL
1265,2025-01-05,300,NULL,NULL
1266,2025-01-06,150,NULL,NULL
1267,2025-01-07,150,NULL,NULL
1268,2025-01-08,250,NULL,NULL
1269,2025-01-09,320,NULL,NULL
1270,2025-01-10,150,NULL,NULL
1271,2025-01-11,300,NULL,NULL
1272,2025-01-12,320,NULL,NULL
1273,2025-01-13,250,NULL,NULL
1274,2025-01-14,320,NULL,NULL
1275,2025-01-15,300,NULL,NULL
1276,2025-01-16,300,NULL,NULL
1277,2025-01-17,320,NULL,NULL
1278,2025-01-18,300,NULL,NULL
1279,2025-01-19,300,NULL,NULL
1280,2025-01-20,150,NULL,NULL
1281,2025-01-21,150,NULL,NULL
1282,2025-01-22,320,NULL,NULL
1283,2025-01-23,150,NULL,NULL
1284,2025-01-24,250,NULL,NULL
1285,2025-01-25,250,NULL,NULL
1286,2025-01-26,250,NULL,NULL
1287,2025-01-27,320,NULL,NULL
1288,2025-01-28,300,NULL,NULL
1289,2025-01-29,300,NULL,NULL
1290,2025-01-30,150,NULL,NULL
1291,2025-01-31,300,NULL,NULL
1292,2025-02-01,320,NULL,NULL
1293,2025-02-02,150,NULL,NULL
1294,2025-02-03,250,NULL,NULL
1295,2025-02-04,150,NULL,NULL
1296,2025-02-05,250,NULL,NULL
1297,2025-02-06,300,NULL,NULL
1298,2025-02-07,150,NULL,NULL
1299,2025-02-08,150,NULL,NULL
1300,2025-02-09,250,NULL,NULL
1301,2025-02-10,150,NULL,NULL
1302,2025-02-11,150,NULL,NULL
1303,2025-02-12,250,NULL,NULL
1304,2025-02-13,150,NULL,NULL
1305,2025-02-14,300,NULL,NULL
1306,2025-02-15,150,NULL,NULL
1307,2025-02-16,250,NULL,NULL
1308,2025-02-17,300,NULL,NULL
1309,2025-02-18,320,NULL,NULL
1310,2025-02-19,320,NULL,NULL
1311,2025-02-20,320,NULL,NULL
1312,2025-02-21,150,NULL,NULL
1313,2025-02-22,320,NULL,NULL
1314,2025-02-23,320,NULL,NULL
1315,2025-02-24,320,NULL,NULL
1316,2025-02-25,300,NULL,NULL
1317,2025-02-26,150,NULL,NULL
1318,2025-02-27,250,NULL,NULL
1319,2025-02-28,300,NULL,NULL
1320,2025-03-01,150,NULL,NULL
1321,2025-03-02,320,NULL,NULL
1322,2025-03-03,250,NULL,NULL
1323,2025-03-04,150,NULL,NULL
1324,2025-03-05,150,NULL,NULL
1325,2025-03-06,300,NULL,NULL
1326,2025-03-07,150,NULL,NULL
1327,2025-03-08,250,NULL,NULL
1328,2025-03-09,150,NULL,NULL
1329,2025-03-10,150,NULL,NULL
1330,2025-03-11,300,NULL,NULL
1331,2025-03-12,250,NULL,NULL
1332,2025-03-13,300,NULL,NULL
1333,2025-03-14,250,NULL,NULL
1334,2025-03-15,300,NULL,NULL
1335,2025-03-16,250,NULL,NULL
1336,2025-03-17,150,NULL,NULL
1337,2025-03-18,250,NULL,NULL
1338,2025-03-19,300,NULL,NULL
1339,2025-03-20,250,NULL,NULL
1340,2025-03-21,300,NULL,NULL
1341,2025-03-22,320,NULL,NULL
1342,2025-03-23,300,NULL,NULL
1343,2025-03-24,250,NULL,NULL
1344,2025-03-25,320,NULL,NULL
1345,2025-03-26,250,NULL,NULL
1346,2025-03-27,250,NULL,NULL
1347,2025-03-28,320,NULL,NULL
1348,2025-03-29,300,NULL,NULL
1349,2025-03-30,320,NULL,NULL
1350,2025-03-31,320,NULL,NULL
1351,2025-04-01,250,NULL,NULL
1352,2025-04-02,250,NULL,NULL
1353,2025-04-03,150,NULL,NULL
1354,2025-04-04,320,NULL,NULL
1355,2025-04-05,250,NULL,NULL
1356,2025-04-06,150,NULL,NULL
1357,2025-04-07,250,NULL,NULL
1358,2025-04-08,250,NULL,NULL
1359,2025-04-09,320,NULL,NULL
1360,2025-04-10,300,NULL,NULL
1361,2025-04-11,150,NULL,NULL
1362,2025-04-12,300,NULL,NULL
1363,2025-04-13,300,NULL,NULL
1364,2025-04-14,150,NULL,NULL
1365,2025-04-15,320,NULL,NULL
1366,2025-04-16,150,NULL,NULL
1367,2025-04-17,320,NULL,NULL
1368,2025-04-18,320,NULL,NULL
1369,2025-04-19,300,NULL,NULL
1370,2025-04-20,320,NULL,NULL
1371,2025-04-21,250,NULL,NULL
1372,2025-04-22,320,NULL,NULL
1373,2025-04-23,300,NULL,NULL
1374,2025-04-24,250,NULL,NULL
1375,2025-04-25,250,NULL,NULL
1376,2025-04-26,150,NULL,NULL
1377,2025-04-27,150,NULL,NULL
1378,2025-04-28,150,NULL,NULL
1379,2025-04-29,250,NULL,NULL
1380,2025-04-30,300,NULL,NULL
1381,2025-05-01,250,NULL,NULL
1382,2025-05-02,300,NULL,NULL
1383,2025-05-03,300,NULL,NULL
1384,2025-05-04,150,NULL,NULL
1385,2025-05-05,250,NULL,NULL
1386,2025-05-06,300,NULL,NULL
1387,2025-05-07,300,NULL,NULL
1388,2025-05-08,150,NULL,NULL
1389,2025-05-09,150,NULL,NULL
1390,2025-05-10,320,NULL,NULL
1391,2025-05-11,300,NULL,NULL
1392,2025-05-12,250,NULL,NULL
1393,2025-05-13,320,NULL,NULL
1394,2025-05-14,150,NULL,NULL
1395,2025-05-15,150,NULL,NULL
1396,2025-05-16,300,NULL,NULL
1397,2025-05-17,320,NULL,NULL
1398,2025-05-18,300,NULL,NULL
1399,2025-05-19,320,NULL,NULL
1400,2025-05-20,150,NULL,NULL
1401,2025-05-21,150,NULL,NULL
1402,2025-05-22,150,NULL,NULL
1403,2025-05-23,150,NULL,NULL
1404,2025-05-24,320,NULL,NULL
1405,2025-05-25,320,NULL,NULL
1406,2025-05-26,150,NULL,NULL
1407,2025-05-27,150,NULL,NULL
1408,2025-05-28,250,NULL,NULL
1409,2025-05-29,320,NULL,NULL
1410,2025-05-30,150,NULL,NULL
1411,2025-05-31,320,NULL,NULL
1412,2025-06-01,250,NULL,NULL
1413,2025-06-02,150,NULL,NULL
1414,2025-06-03,320,NULL,NULL
1415,2025-06-04,250,NULL,NULL
1416,2025-06-05,300,NULL,NULL
1417,2025-06-06,150,NULL,NULL
1418,2025-06-07,150,NULL,NULL
1419,2025-06-08,150,NULL,NULL
1420,2025-06-09,150,NULL,NULL
1421,2025-06-10,320,NULL,NULL
1422,2025-06-11,300,NULL,NULL
1423,2025-06-12,150,NULL,NULL
1424,2025-06-13,320,NULL,NULL
1425,2025-06-14,150,NULL,NULL
1426,2025-06-15,250,NULL,NULL
1427,2025-06-16,150,NULL,NULL
1428,2025-06-17,320,NULL,NULL
1429,2025-06-18,300,NULL,NULL
1430,2025-06-19,320,NULL,NULL
1431,2025-06-20,300,NULL,NULL
1432,2025-06-21,320,NULL,NULL
1433,2025-06-22,250,NULL,NULL
1434,2025-06-23,300,NULL,NULL
1435,2025-06-24,250,NULL,NULL
1436,2025-06-25,150,NULL,NULL
1437,2025-06-26,150,NULL,NULL
1438,2025-06-27,150,NULL,NULL
1439,2025-06-28,320,NULL,NULL
1440,2025-06-29,320,NULL,NULL
